{
"meta":{"test_sets":[],"test_metrics":[],"learn_metrics":[{"best_value":"Min","name":"Logloss"}],"launch_mode":"Train","parameters":"","iteration_count":1000,"learn_sets":["learn"],"name":"experiment"},
"iterations":[
{"learn":[0.6860242465],"iteration":0,"passed_time":0.06545340186,"remaining_time":65.38794846},
{"learn":[0.6796587181],"iteration":1,"passed_time":0.07078962837,"remaining_time":35.32402456},
{"learn":[0.672990514],"iteration":2,"passed_time":0.07567528088,"remaining_time":25.14941834},
{"learn":[0.66677451],"iteration":3,"passed_time":0.07998727783,"remaining_time":19.91683218},
{"learn":[0.6604786337],"iteration":4,"passed_time":0.08454343691,"remaining_time":16.82414395},
{"learn":[0.6542336452],"iteration":5,"passed_time":0.08906588866,"remaining_time":14.75524889},
{"learn":[0.6481955423],"iteration":6,"passed_time":0.09414195437,"remaining_time":13.35470867},
{"learn":[0.6423940959],"iteration":7,"passed_time":0.09903510672,"remaining_time":12.28035323},
{"learn":[0.637071161],"iteration":8,"passed_time":0.1034213112,"remaining_time":11.38783549},
{"learn":[0.6316997744],"iteration":9,"passed_time":0.1080180525,"remaining_time":10.69378719},
{"learn":[0.6266481345],"iteration":10,"passed_time":0.1128893723,"remaining_time":10.14978083},
{"learn":[0.6215569119],"iteration":11,"passed_time":0.1175475293,"remaining_time":9.678079913},
{"learn":[0.6165715177],"iteration":12,"passed_time":0.1225807209,"remaining_time":9.3067055},
{"learn":[0.6116277499],"iteration":13,"passed_time":0.127334168,"remaining_time":8.967963547},
{"learn":[0.6066005378],"iteration":14,"passed_time":0.1323731505,"remaining_time":8.692503546},
{"learn":[0.6020505659],"iteration":15,"passed_time":0.1364903603,"remaining_time":8.394157158},
{"learn":[0.5973245786],"iteration":16,"passed_time":0.1410479353,"remaining_time":8.155889438},
{"learn":[0.5927980393],"iteration":17,"passed_time":0.1447476535,"remaining_time":7.896788653},
{"learn":[0.5884546921],"iteration":18,"passed_time":0.1486032426,"remaining_time":7.672620051},
{"learn":[0.5842040278],"iteration":19,"passed_time":0.1529109066,"remaining_time":7.492634424},
{"learn":[0.5799402364],"iteration":20,"passed_time":0.1566189166,"remaining_time":7.301424732},
{"learn":[0.5759552534],"iteration":21,"passed_time":0.1611744087,"remaining_time":7.164935078},
{"learn":[0.5720049112],"iteration":22,"passed_time":0.1655414046,"remaining_time":7.031910968},
{"learn":[0.5681977839],"iteration":23,"passed_time":0.1697633203,"remaining_time":6.90370836},
{"learn":[0.5641567193],"iteration":24,"passed_time":0.1745138085,"remaining_time":6.806038532},
{"learn":[0.5603733719],"iteration":25,"passed_time":0.1787743905,"remaining_time":6.697163706},
{"learn":[0.5565406159],"iteration":26,"passed_time":0.1825177748,"remaining_time":6.57739981},
{"learn":[0.5530090219],"iteration":27,"passed_time":0.1863604071,"remaining_time":6.469368419},
{"learn":[0.5494509074],"iteration":28,"passed_time":0.1910168562,"remaining_time":6.395771289},
{"learn":[0.546002234],"iteration":29,"passed_time":0.1950958168,"remaining_time":6.308098077},
{"learn":[0.5425058597],"iteration":30,"passed_time":0.1988979079,"remaining_time":6.217163638},
{"learn":[0.5389097153],"iteration":31,"passed_time":0.2028464961,"remaining_time":6.136106508},
{"learn":[0.5355688352],"iteration":32,"passed_time":0.2069590811,"remaining_time":6.064528224},
{"learn":[0.5322642552],"iteration":33,"passed_time":0.2108742529,"remaining_time":5.991309657},
{"learn":[0.5291006979],"iteration":34,"passed_time":0.2146349699,"remaining_time":5.917792741},
{"learn":[0.5260219043],"iteration":35,"passed_time":0.2186418899,"remaining_time":5.854743942},
{"learn":[0.5228091095],"iteration":36,"passed_time":0.2238185776,"remaining_time":5.825332169},
{"learn":[0.5198457291],"iteration":37,"passed_time":0.227908538,"remaining_time":5.769684568},
{"learn":[0.5169880383],"iteration":38,"passed_time":0.2315581732,"remaining_time":5.705830883},
{"learn":[0.5140679644],"iteration":39,"passed_time":0.2353717641,"remaining_time":5.648922338},
{"learn":[0.5111221955],"iteration":40,"passed_time":0.239232271,"remaining_time":5.595701169},
{"learn":[0.508163866],"iteration":41,"passed_time":0.2434536458,"remaining_time":5.553061731},
{"learn":[0.5055453841],"iteration":42,"passed_time":0.2472481531,"remaining_time":5.502708895},
{"learn":[0.5028151966],"iteration":43,"passed_time":0.2511239097,"remaining_time":5.456237675},
{"learn":[0.5002979017],"iteration":44,"passed_time":0.2549862487,"remaining_time":5.411374833},
{"learn":[0.4974668638],"iteration":45,"passed_time":0.2592098304,"remaining_time":5.375786482},
{"learn":[0.4948281094],"iteration":46,"passed_time":0.2629980468,"remaining_time":5.332705077},
{"learn":[0.4922451178],"iteration":47,"passed_time":0.2673324603,"remaining_time":5.302093796},
{"learn":[0.4896327892],"iteration":48,"passed_time":0.2713881294,"remaining_time":5.267145123},
{"learn":[0.4871479742],"iteration":49,"passed_time":0.2756622101,"remaining_time":5.237581991},
{"learn":[0.484589254],"iteration":50,"passed_time":0.2791783069,"remaining_time":5.194906142},
{"learn":[0.4821725733],"iteration":51,"passed_time":0.2834235562,"remaining_time":5.167029448},
{"learn":[0.4797255459],"iteration":52,"passed_time":0.2876576377,"remaining_time":5.139844961},
{"learn":[0.4773066969],"iteration":53,"passed_time":0.2913959381,"remaining_time":5.104825138},
{"learn":[0.4749760797],"iteration":54,"passed_time":0.2957739757,"remaining_time":5.081934674},
{"learn":[0.4726621453],"iteration":55,"passed_time":0.2996869817,"remaining_time":5.051866262},
{"learn":[0.4703498228],"iteration":56,"passed_time":0.3036028205,"remaining_time":5.022762452},
{"learn":[0.4681805597],"iteration":57,"passed_time":0.3075662834,"remaining_time":4.995300672},
{"learn":[0.4660307821],"iteration":58,"passed_time":0.3116067028,"remaining_time":4.969862836},
{"learn":[0.4638804933],"iteration":59,"passed_time":0.3156949132,"remaining_time":4.945886974},
{"learn":[0.4616416229],"iteration":60,"passed_time":0.319412173,"remaining_time":4.916852959},
{"learn":[0.4595546277],"iteration":61,"passed_time":0.3233695521,"remaining_time":4.892268384},
{"learn":[0.4574917273],"iteration":62,"passed_time":0.3273523886,"remaining_time":4.868717271},
{"learn":[0.455467406],"iteration":63,"passed_time":0.3318485079,"remaining_time":4.853284428},
{"learn":[0.453417116],"iteration":64,"passed_time":0.3356328073,"remaining_time":4.827948844},
{"learn":[0.4513377678],"iteration":65,"passed_time":0.3398279736,"remaining_time":4.809080718},
{"learn":[0.4494664055],"iteration":66,"passed_time":0.3446250029,"remaining_time":4.799031757},
{"learn":[0.4474721747],"iteration":67,"passed_time":0.3488667103,"remaining_time":4.781526088},
{"learn":[0.4454937343],"iteration":68,"passed_time":0.3535116176,"remaining_time":4.769845159},
{"learn":[0.4436177902],"iteration":69,"passed_time":0.3574311644,"remaining_time":4.748728326},
{"learn":[0.4416660616],"iteration":70,"passed_time":0.3613205867,"remaining_time":4.727701762},
{"learn":[0.439729071],"iteration":71,"passed_time":0.364917681,"remaining_time":4.703383443},
{"learn":[0.4377810782],"iteration":72,"passed_time":0.3691050144,"remaining_time":4.68712806},
{"learn":[0.4359732931],"iteration":73,"passed_time":0.3729259382,"remaining_time":4.666613767},
{"learn":[0.4341503943],"iteration":74,"passed_time":0.3767031548,"remaining_time":4.646005576},
{"learn":[0.4323221814],"iteration":75,"passed_time":0.3807919072,"remaining_time":4.629627924},
{"learn":[0.4305337974],"iteration":76,"passed_time":0.3845192498,"remaining_time":4.609237241},
{"learn":[0.428775306],"iteration":77,"passed_time":0.388917495,"remaining_time":4.597204236},
{"learn":[0.4270661362],"iteration":78,"passed_time":0.3932858239,"remaining_time":4.585015744},
{"learn":[0.4253527364],"iteration":79,"passed_time":0.3970809561,"remaining_time":4.566430995},
{"learn":[0.4236531],"iteration":80,"passed_time":0.4009367542,"remaining_time":4.548899717},
{"learn":[0.4220001566],"iteration":81,"passed_time":0.4047487621,"remaining_time":4.531211752},
{"learn":[0.4203981555],"iteration":82,"passed_time":0.4085290617,"remaining_time":4.513507826},
{"learn":[0.4187011089],"iteration":83,"passed_time":0.4121831978,"remaining_time":4.494759633},
{"learn":[0.417126333],"iteration":84,"passed_time":0.4163947387,"remaining_time":4.482366893},
{"learn":[0.4155416682],"iteration":85,"passed_time":0.4207148185,"remaining_time":4.471317955},
{"learn":[0.4139190644],"iteration":86,"passed_time":0.4253679757,"remaining_time":4.463919101},
{"learn":[0.4123693853],"iteration":87,"passed_time":0.4294161449,"remaining_time":4.450312774},
{"learn":[0.4107458534],"iteration":88,"passed_time":0.4332750269,"remaining_time":4.434983702},
{"learn":[0.4092143727],"iteration":89,"passed_time":0.4378528525,"remaining_time":4.427178842},
{"learn":[0.40773999],"iteration":90,"passed_time":0.4418426899,"remaining_time":4.413571485},
{"learn":[0.406242065],"iteration":91,"passed_time":0.4459579408,"remaining_time":4.401410981},
{"learn":[0.4047445887],"iteration":92,"passed_time":0.4496696997,"remaining_time":4.385488362},
{"learn":[0.4033054364],"iteration":93,"passed_time":0.4538472413,"remaining_time":4.374314901},
{"learn":[0.4017818949],"iteration":94,"passed_time":0.4575402096,"remaining_time":4.358672523},
{"learn":[0.4002935347],"iteration":95,"passed_time":0.461482089,"remaining_time":4.345623005},
{"learn":[0.3988161169],"iteration":96,"passed_time":0.4651997228,"remaining_time":4.330673708},
{"learn":[0.3974084661],"iteration":97,"passed_time":0.4694333053,"remaining_time":4.320702463},
{"learn":[0.3960156305],"iteration":98,"passed_time":0.47365843,"remaining_time":4.310770156},
{"learn":[0.3945783052],"iteration":99,"passed_time":0.4775438935,"remaining_time":4.297895041},
{"learn":[0.3934011137],"iteration":100,"passed_time":0.4815393967,"remaining_time":4.286177403},
{"learn":[0.3920044886],"iteration":101,"passed_time":0.4863339261,"remaining_time":4.281645741},
{"learn":[0.3906362621],"iteration":102,"passed_time":0.4902807643,"remaining_time":4.269726656},
{"learn":[0.3892968036],"iteration":103,"passed_time":0.4944302645,"remaining_time":4.259706894},
{"learn":[0.3879665158],"iteration":104,"passed_time":0.4982903125,"remaining_time":4.247331711},
{"learn":[0.3866364164],"iteration":105,"passed_time":0.5023830228,"remaining_time":4.237079456},
{"learn":[0.3853812537],"iteration":106,"passed_time":0.5065253981,"remaining_time":4.227356827},
{"learn":[0.3840853534],"iteration":107,"passed_time":0.5104976529,"remaining_time":4.216332466},
{"learn":[0.3828502778],"iteration":108,"passed_time":0.514502114,"remaining_time":4.205700766},
{"learn":[0.3816065789],"iteration":109,"passed_time":0.5184455763,"remaining_time":4.194696026},
{"learn":[0.3803458566],"iteration":110,"passed_time":0.523120274,"remaining_time":4.189674987},
{"learn":[0.3791286316],"iteration":111,"passed_time":0.526977863,"remaining_time":4.178181628},
{"learn":[0.3778693404],"iteration":112,"passed_time":0.5309628245,"remaining_time":4.167823233},
{"learn":[0.3765941261],"iteration":113,"passed_time":0.534896455,"remaining_time":4.157177712},
{"learn":[0.3753456037],"iteration":114,"passed_time":0.5388201267,"remaining_time":4.146572279},
{"learn":[0.3741382029],"iteration":115,"passed_time":0.5429022952,"remaining_time":4.137289905},
{"learn":[0.3729045779],"iteration":116,"passed_time":0.5466878447,"remaining_time":4.125857836},
{"learn":[0.3717321304],"iteration":117,"passed_time":0.5505543925,"remaining_time":4.115160798},
{"learn":[0.3704876873],"iteration":118,"passed_time":0.5543676084,"remaining_time":4.104183723},
{"learn":[0.3693224955],"iteration":119,"passed_time":0.5580908671,"remaining_time":4.092666359},
{"learn":[0.3681083933],"iteration":120,"passed_time":0.5624665298,"remaining_time":4.086017188},
{"learn":[0.3669652837],"iteration":121,"passed_time":0.5663989933,"remaining_time":4.076215706},
{"learn":[0.3658975123],"iteration":122,"passed_time":0.5704085803,"remaining_time":4.067059552},
{"learn":[0.3647617315],"iteration":123,"passed_time":0.5741385059,"remaining_time":4.056010735},
{"learn":[0.3636253896],"iteration":124,"passed_time":0.5779561387,"remaining_time":4.045692971},
{"learn":[0.3624774235],"iteration":125,"passed_time":0.5815639007,"remaining_time":4.034022613},
{"learn":[0.3614230149],"iteration":126,"passed_time":0.5857308176,"remaining_time":4.026322864},
{"learn":[0.3603828016],"iteration":127,"passed_time":0.5905123471,"remaining_time":4.022865365},
{"learn":[0.3592854862],"iteration":128,"passed_time":0.5947998866,"remaining_time":4.016051947},
{"learn":[0.358200273],"iteration":129,"passed_time":0.5987118505,"remaining_time":4.006763923},
{"learn":[0.3571116021],"iteration":130,"passed_time":0.6030237645,"remaining_time":4.000211079},
{"learn":[0.3560054895],"iteration":131,"passed_time":0.6076902544,"remaining_time":3.996023794},
{"learn":[0.3549476106],"iteration":132,"passed_time":0.6116985914,"remaining_time":3.987538938},
{"learn":[0.3539071507],"iteration":133,"passed_time":0.6156623873,"remaining_time":3.97883304},
{"learn":[0.3528522618],"iteration":134,"passed_time":0.6195196023,"remaining_time":3.969514489},
{"learn":[0.3518133268],"iteration":135,"passed_time":0.6232364451,"remaining_time":3.959384475},
{"learn":[0.3508203892],"iteration":136,"passed_time":0.6267354173,"remaining_time":3.947975658},
{"learn":[0.3498026166],"iteration":137,"passed_time":0.6313859075,"remaining_time":3.943874292},
{"learn":[0.3487920761],"iteration":138,"passed_time":0.635421952,"remaining_time":3.935958997},
{"learn":[0.3477592017],"iteration":139,"passed_time":0.6393391658,"remaining_time":3.927369161},
{"learn":[0.3467443195],"iteration":140,"passed_time":0.6433554196,"remaining_time":3.919448975},
{"learn":[0.3457543458],"iteration":141,"passed_time":0.6471710935,"remaining_time":3.910371819},
{"learn":[0.3447463918],"iteration":142,"passed_time":0.6510502661,"remaining_time":3.901748798},
{"learn":[0.3437415784],"iteration":143,"passed_time":0.6552228078,"remaining_time":3.89493558},
{"learn":[0.3428150774],"iteration":144,"passed_time":0.6590701471,"remaining_time":3.886241212},
{"learn":[0.3418604499],"iteration":145,"passed_time":0.663232356,"remaining_time":3.879455014},
{"learn":[0.3409330437],"iteration":146,"passed_time":0.6673834812,"remaining_time":3.8726402},
{"learn":[0.3400001435],"iteration":147,"passed_time":0.6712226546,"remaining_time":3.864065552},
{"learn":[0.3390103179],"iteration":148,"passed_time":0.6752551991,"remaining_time":3.856658889},
{"learn":[0.3380606688],"iteration":149,"passed_time":0.6794142411,"remaining_time":3.850014033},
{"learn":[0.3372128786],"iteration":150,"passed_time":0.6832219571,"remaining_time":3.841426765},
{"learn":[0.3363134114],"iteration":151,"passed_time":0.6872466688,"remaining_time":3.834112994},
{"learn":[0.3354029362],"iteration":152,"passed_time":0.691146966,"remaining_time":3.826153465},
{"learn":[0.3345042893],"iteration":153,"passed_time":0.6950912622,"remaining_time":3.818488363},
{"learn":[0.333637169],"iteration":154,"passed_time":0.6994765907,"remaining_time":3.813275608},
{"learn":[0.3327529717],"iteration":155,"passed_time":0.7034346368,"remaining_time":3.805761753},
{"learn":[0.331941315],"iteration":156,"passed_time":0.7070925228,"remaining_time":3.796681508},
{"learn":[0.3311303804],"iteration":157,"passed_time":0.7111174844,"remaining_time":3.789626088},
{"learn":[0.3302158646],"iteration":158,"passed_time":0.7148289104,"remaining_time":3.7809504},
{"learn":[0.3293571974],"iteration":159,"passed_time":0.7185905853,"remaining_time":3.772600573},
{"learn":[0.3284746979],"iteration":160,"passed_time":0.7226551292,"remaining_time":3.765886046},
{"learn":[0.327636743],"iteration":161,"passed_time":0.7268894617,"remaining_time":3.760082524},
{"learn":[0.3267801303],"iteration":162,"passed_time":0.7308657574,"remaining_time":3.752973245},
{"learn":[0.325939307],"iteration":163,"passed_time":0.7345881831,"remaining_time":3.744608055},
{"learn":[0.325131921],"iteration":164,"passed_time":0.7383866073,"remaining_time":3.73668374},
{"learn":[0.3242881056],"iteration":165,"passed_time":0.742007077,"remaining_time":3.727915074},
{"learn":[0.3234528252],"iteration":166,"passed_time":0.745864667,"remaining_time":3.720390824},
{"learn":[0.3226211127],"iteration":167,"passed_time":0.750827568,"remaining_time":3.718384146},
{"learn":[0.3217947054],"iteration":168,"passed_time":0.7546623245,"remaining_time":3.710795217},
{"learn":[0.3210278355],"iteration":169,"passed_time":0.7588183256,"remaining_time":3.704818884},
{"learn":[0.3202204187],"iteration":170,"passed_time":0.7627712057,"remaining_time":3.69787912},
{"learn":[0.3194574388],"iteration":171,"passed_time":0.7667752918,"remaining_time":3.691220591},
{"learn":[0.3186817013],"iteration":172,"passed_time":0.7704955505,"remaining_time":3.683235955},
{"learn":[0.3179480151],"iteration":173,"passed_time":0.775284121,"remaining_time":3.680371747},
{"learn":[0.317169484],"iteration":174,"passed_time":0.7805123916,"remaining_time":3.679558418},
{"learn":[0.3164057752],"iteration":175,"passed_time":0.7841861513,"remaining_time":3.671416981},
{"learn":[0.3156258556],"iteration":176,"passed_time":0.7878519532,"remaining_time":3.663289025},
{"learn":[0.3148850819],"iteration":177,"passed_time":0.7916149611,"remaining_time":3.655660101},
{"learn":[0.3141159137],"iteration":178,"passed_time":0.7952600133,"remaining_time":3.647533357},
{"learn":[0.3133598113],"iteration":179,"passed_time":0.7991560606,"remaining_time":3.640599832},
{"learn":[0.3125977295],"iteration":180,"passed_time":0.8028792363,"remaining_time":3.632917649},
{"learn":[0.3118793537],"iteration":181,"passed_time":0.8066827854,"remaining_time":3.625640211},
{"learn":[0.3111555948],"iteration":182,"passed_time":0.8104491262,"remaining_time":3.618234624},
{"learn":[0.3103973452],"iteration":183,"passed_time":0.814322341,"remaining_time":3.611342556},
{"learn":[0.3097001317],"iteration":184,"passed_time":0.8187606694,"remaining_time":3.606972679},
{"learn":[0.3089259152],"iteration":185,"passed_time":0.8227102986,"remaining_time":3.60046335},
{"learn":[0.3082085527],"iteration":186,"passed_time":0.826246561,"remaining_time":3.592184246},
{"learn":[0.3074549466],"iteration":187,"passed_time":0.8303318965,"remaining_time":3.586327127},
{"learn":[0.3067890434],"iteration":188,"passed_time":0.8339793647,"remaining_time":3.578609866},
{"learn":[0.3061314085],"iteration":189,"passed_time":0.8376764159,"remaining_time":3.571146826},
{"learn":[0.3054288491],"iteration":190,"passed_time":0.8414969237,"remaining_time":3.564246132},
{"learn":[0.3047590813],"iteration":191,"passed_time":0.8453490548,"remaining_time":3.557510606},
{"learn":[0.3040315827],"iteration":192,"passed_time":0.8491711865,"remaining_time":3.550679521},
{"learn":[0.3033506991],"iteration":193,"passed_time":0.8529782356,"remaining_time":3.543816793},
{"learn":[0.3026771957],"iteration":194,"passed_time":0.8568389085,"remaining_time":3.537206776},
{"learn":[0.301961334],"iteration":195,"passed_time":0.8606441656,"remaining_time":3.530397496},
{"learn":[0.3012747404],"iteration":196,"passed_time":0.8649614964,"remaining_time":3.525705998},
{"learn":[0.3005873437],"iteration":197,"passed_time":0.8688199604,"remaining_time":3.519159638},
{"learn":[0.2999348169],"iteration":198,"passed_time":0.8724673877,"remaining_time":3.511790842},
{"learn":[0.2992503201],"iteration":199,"passed_time":0.876308644,"remaining_time":3.505234576},
{"learn":[0.2986088399],"iteration":200,"passed_time":0.8804571442,"remaining_time":3.499926658},
{"learn":[0.2978947899],"iteration":201,"passed_time":0.8841930697,"remaining_time":3.493000345},
{"learn":[0.2972440365],"iteration":202,"passed_time":0.8878882879,"remaining_time":3.485945643},
{"learn":[0.2965814306],"iteration":203,"passed_time":0.8922799913,"remaining_time":3.481641535},
{"learn":[0.2959149398],"iteration":204,"passed_time":0.8960634988,"remaining_time":3.474977959},
{"learn":[0.2952679917],"iteration":205,"passed_time":0.8999766707,"remaining_time":3.468842119},
{"learn":[0.294606096],"iteration":206,"passed_time":0.9036043903,"remaining_time":3.46163421},
{"learn":[0.2939259256],"iteration":207,"passed_time":0.9073508985,"remaining_time":3.454913037},
{"learn":[0.2932858296],"iteration":208,"passed_time":0.911036908,"remaining_time":3.44799136},
{"learn":[0.2926300334],"iteration":209,"passed_time":0.9148772483,"remaining_time":3.441681077},
{"learn":[0.2920276883],"iteration":210,"passed_time":0.9183986361,"remaining_time":3.434201535},
{"learn":[0.2914007317],"iteration":211,"passed_time":0.9220922704,"remaining_time":3.427399571},
{"learn":[0.2907738154],"iteration":212,"passed_time":0.9255414935,"remaining_time":3.419723734},
{"learn":[0.2901124137],"iteration":213,"passed_time":0.9293013765,"remaining_time":3.41322842},
{"learn":[0.2895860666],"iteration":214,"passed_time":0.9329101795,"remaining_time":3.406206934},
{"learn":[0.288989847],"iteration":215,"passed_time":0.936495358,"remaining_time":3.399131299},
{"learn":[0.2883853138],"iteration":216,"passed_time":0.9399808724,"remaining_time":3.391728217},
{"learn":[0.2877327158],"iteration":217,"passed_time":0.9440533331,"remaining_time":3.386466544},
{"learn":[0.2871224931],"iteration":218,"passed_time":0.9474590152,"remaining_time":3.378837858},
{"learn":[0.2865166695],"iteration":219,"passed_time":0.9509698201,"remaining_time":3.371620271},
{"learn":[0.285895979],"iteration":220,"passed_time":0.9545438738,"remaining_time":3.364659175},
{"learn":[0.2852785467],"iteration":221,"passed_time":0.9585071697,"remaining_time":3.359092694},
{"learn":[0.2846500888],"iteration":222,"passed_time":0.9627727936,"remaining_time":3.354593994},
{"learn":[0.2840511034],"iteration":223,"passed_time":0.9672863705,"remaining_time":3.350956355},
{"learn":[0.2834940834],"iteration":224,"passed_time":0.9721599403,"remaining_time":3.348550905},
{"learn":[0.2828930476],"iteration":225,"passed_time":0.9758434508,"remaining_time":3.342047924},
{"learn":[0.2823317577],"iteration":226,"passed_time":0.9799636185,"remaining_time":3.337056727},
{"learn":[0.281742982],"iteration":227,"passed_time":0.9844720286,"remaining_time":3.333387746},
{"learn":[0.2811494646],"iteration":228,"passed_time":0.9882252037,"remaining_time":3.327168699},
{"learn":[0.2805299909],"iteration":229,"passed_time":0.9921789578,"remaining_time":3.321642598},
{"learn":[0.2799351131],"iteration":230,"passed_time":0.9960484636,"remaining_time":3.315849647},
{"learn":[0.2793519492],"iteration":231,"passed_time":1.000018259,"remaining_time":3.310405272},
{"learn":[0.2787909325],"iteration":232,"passed_time":1.00388364,"remaining_time":3.304629837},
{"learn":[0.2782696462],"iteration":233,"passed_time":1.007609149,"remaining_time":3.298412855},
{"learn":[0.2777184967],"iteration":234,"passed_time":1.011556487,"remaining_time":3.292939203},
{"learn":[0.2771466469],"iteration":235,"passed_time":1.015354786,"remaining_time":3.286996003},
{"learn":[0.2766053714],"iteration":236,"passed_time":1.019103086,"remaining_time":3.280909937},
{"learn":[0.2760468193],"iteration":237,"passed_time":1.023103341,"remaining_time":3.275650192},
{"learn":[0.2754748907],"iteration":238,"passed_time":1.027002263,"remaining_time":3.270078335},
{"learn":[0.2748946403],"iteration":239,"passed_time":1.030877477,"remaining_time":3.264445342},
{"learn":[0.2743467073],"iteration":240,"passed_time":1.034579778,"remaining_time":3.25828237},
{"learn":[0.2737979116],"iteration":241,"passed_time":1.038456991,"remaining_time":3.252687601},
{"learn":[0.2732812652],"iteration":242,"passed_time":1.042100169,"remaining_time":3.246377891},
{"learn":[0.2727269695],"iteration":243,"passed_time":1.04581526,"remaining_time":3.240312856},
{"learn":[0.2721606864],"iteration":244,"passed_time":1.05057954,"remaining_time":3.237500216},
{"learn":[0.2716058682],"iteration":245,"passed_time":1.054544461,"remaining_time":3.232221641},
{"learn":[0.2710519118],"iteration":246,"passed_time":1.058591421,"remaining_time":3.227203807},
{"learn":[0.2705071406],"iteration":247,"passed_time":1.062598217,"remaining_time":3.222072011},
{"learn":[0.2699821556],"iteration":248,"passed_time":1.066470014,"remaining_time":3.216542091},
{"learn":[0.2694782666],"iteration":249,"passed_time":1.070311063,"remaining_time":3.210933188},
{"learn":[0.2689627583],"iteration":250,"passed_time":1.073989989,"remaining_time":3.204854589},
{"learn":[0.2684448612],"iteration":251,"passed_time":1.07817399,"remaining_time":3.200294223},
{"learn":[0.2679332374],"iteration":252,"passed_time":1.082212868,"remaining_time":3.19530835},
{"learn":[0.2674022104],"iteration":253,"passed_time":1.086698529,"remaining_time":3.191642135},
{"learn":[0.2668812427],"iteration":254,"passed_time":1.091017942,"remaining_time":3.187483793},
{"learn":[0.2663692299],"iteration":255,"passed_time":1.095497478,"remaining_time":3.183789545},
{"learn":[0.2658555704],"iteration":256,"passed_time":1.09968077,"remaining_time":3.179232731},
{"learn":[0.2653577078],"iteration":257,"passed_time":1.104919332,"remaining_time":3.177713738},
{"learn":[0.264858142],"iteration":258,"passed_time":1.109312661,"remaining_time":3.173747807},
{"learn":[0.26433894],"iteration":259,"passed_time":1.114175439,"remaining_time":3.171114712},
{"learn":[0.2638424067],"iteration":260,"passed_time":1.118409814,"remaining_time":3.166685258},
{"learn":[0.2633362423],"iteration":261,"passed_time":1.122634063,"remaining_time":3.162228771},
{"learn":[0.2628166015],"iteration":262,"passed_time":1.126898685,"remaining_time":3.157887191},
{"learn":[0.2623275323],"iteration":263,"passed_time":1.131140518,"remaining_time":3.153482656},
{"learn":[0.2618298465],"iteration":264,"passed_time":1.134574741,"remaining_time":3.146839377},
{"learn":[0.2613445666],"iteration":265,"passed_time":1.138077463,"remaining_time":3.140409241},
{"learn":[0.2608461899],"iteration":266,"passed_time":1.141786431,"remaining_time":3.134567244},
{"learn":[0.2603691559],"iteration":267,"passed_time":1.146015305,"remaining_time":3.130161206},
{"learn":[0.2598650917],"iteration":268,"passed_time":1.149508235,"remaining_time":3.12375658},
{"learn":[0.2593680446],"iteration":269,"passed_time":1.153648736,"remaining_time":3.119124359},
{"learn":[0.2588899443],"iteration":270,"passed_time":1.158534222,"remaining_time":3.116499808},
{"learn":[0.2583946607],"iteration":271,"passed_time":1.162932217,"remaining_time":3.112553876},
{"learn":[0.2578998401],"iteration":272,"passed_time":1.178204954,"remaining_time":3.137564107},
{"learn":[0.257420453],"iteration":273,"passed_time":1.188736451,"remaining_time":3.149717751},
{"learn":[0.2569468463],"iteration":274,"passed_time":1.198005475,"remaining_time":3.158378072},
{"learn":[0.2564721436],"iteration":275,"passed_time":1.202688674,"remaining_time":3.154878985},
{"learn":[0.2560131859],"iteration":276,"passed_time":1.206507515,"remaining_time":3.149115282},
{"learn":[0.2555305933],"iteration":277,"passed_time":1.210365772,"remaining_time":3.14346794},
{"learn":[0.2550558027],"iteration":278,"passed_time":1.214502481,"remaining_time":3.138553007},
{"learn":[0.2545862009],"iteration":279,"passed_time":1.218293781,"remaining_time":3.132755436},
{"learn":[0.2541569447],"iteration":280,"passed_time":1.222669276,"remaining_time":3.128466938},
{"learn":[0.2537041426],"iteration":281,"passed_time":1.226725611,"remaining_time":3.123365209},
{"learn":[0.253255826],"iteration":282,"passed_time":1.230687407,"remaining_time":3.118031346},
{"learn":[0.2527830137],"iteration":283,"passed_time":1.234609037,"remaining_time":3.112605882},
{"learn":[0.252329128],"iteration":284,"passed_time":1.238777579,"remaining_time":3.107810417},
{"learn":[0.2518437098],"iteration":285,"passed_time":1.24275479,"remaining_time":3.10254168},
{"learn":[0.2513828687],"iteration":286,"passed_time":1.246476091,"remaining_time":3.096646178},
{"learn":[0.250887931],"iteration":287,"passed_time":1.250683174,"remaining_time":3.091966736},
{"learn":[0.250439206],"iteration":288,"passed_time":1.255389622,"remaining_time":3.088519105},
{"learn":[0.2499973089],"iteration":289,"passed_time":1.259707952,"remaining_time":3.084112573},
{"learn":[0.2495788025],"iteration":290,"passed_time":1.263297756,"remaining_time":3.077931645},
{"learn":[0.2491347377],"iteration":291,"passed_time":1.267586711,"remaining_time":3.073463669},
{"learn":[0.2486898824],"iteration":292,"passed_time":1.271423634,"remaining_time":3.067906176},
{"learn":[0.248242642],"iteration":293,"passed_time":1.27518485,"remaining_time":3.062178586},
{"learn":[0.2478068414],"iteration":294,"passed_time":1.278855986,"remaining_time":3.056249051},
{"learn":[0.2473806876],"iteration":295,"passed_time":1.282652327,"remaining_time":3.050632562},
{"learn":[0.2469525129],"iteration":296,"passed_time":1.286514583,"remaining_time":3.04518435},
{"learn":[0.2465215213],"iteration":297,"passed_time":1.290297717,"remaining_time":3.039560393},
{"learn":[0.2461109782],"iteration":298,"passed_time":1.294390927,"remaining_time":3.034675719},
{"learn":[0.2456756226],"iteration":299,"passed_time":1.298182935,"remaining_time":3.029093516},
{"learn":[0.2452560769],"iteration":300,"passed_time":1.302797135,"remaining_time":3.02543255},
{"learn":[0.244808615],"iteration":301,"passed_time":1.306556144,"remaining_time":3.019788704},
{"learn":[0.2443956994],"iteration":302,"passed_time":1.311220551,"remaining_time":3.016240014},
{"learn":[0.2439603732],"iteration":303,"passed_time":1.314973393,"remaining_time":3.010596979},
{"learn":[0.2435415304],"iteration":304,"passed_time":1.318890815,"remaining_time":3.005341366},
{"learn":[0.2431037007],"iteration":305,"passed_time":1.32280057,"remaining_time":3.00007711},
{"learn":[0.2426725512],"iteration":306,"passed_time":1.326477789,"remaining_time":2.994296767},
{"learn":[0.2422500165],"iteration":307,"passed_time":1.330654788,"remaining_time":2.989652966},
{"learn":[0.2418457878],"iteration":308,"passed_time":1.3346645,"remaining_time":2.98463809},
{"learn":[0.2414198945],"iteration":309,"passed_time":1.338682086,"remaining_time":2.979647224},
{"learn":[0.2410062811],"iteration":310,"passed_time":1.342468928,"remaining_time":2.974151418},
{"learn":[0.2405954086],"iteration":311,"passed_time":1.346476514,"remaining_time":2.969153338},
{"learn":[0.240184698],"iteration":312,"passed_time":1.350748595,"remaining_time":2.964742125},
{"learn":[0.2397932266],"iteration":313,"passed_time":1.354657642,"remaining_time":2.959538671},
{"learn":[0.2393910211],"iteration":314,"passed_time":1.358229946,"remaining_time":2.953611153},
{"learn":[0.2390022939],"iteration":315,"passed_time":1.362105452,"remaining_time":2.948354839},
{"learn":[0.2386006528],"iteration":316,"passed_time":1.366430282,"remaining_time":2.94407534},
{"learn":[0.2381956563],"iteration":317,"passed_time":1.370173042,"remaining_time":2.938547215},
{"learn":[0.2377996188],"iteration":318,"passed_time":1.373875927,"remaining_time":2.932945161},
{"learn":[0.237415805],"iteration":319,"passed_time":1.377530729,"remaining_time":2.927252799},
{"learn":[0.2369952652],"iteration":320,"passed_time":1.381536941,"remaining_time":2.922316458},
{"learn":[0.2365990913],"iteration":321,"passed_time":1.385906104,"remaining_time":2.918150119},
{"learn":[0.2362101205],"iteration":322,"passed_time":1.389668112,"remaining_time":2.912709943},
{"learn":[0.2357895362],"iteration":323,"passed_time":1.393456578,"remaining_time":2.90733533},
{"learn":[0.2354181687],"iteration":324,"passed_time":1.397639328,"remaining_time":2.902789373},
{"learn":[0.2350475581],"iteration":325,"passed_time":1.401190674,"remaining_time":2.896940227},
{"learn":[0.2346481006],"iteration":326,"passed_time":1.405495838,"remaining_time":2.892656572},
{"learn":[0.2342585003],"iteration":327,"passed_time":1.409350094,"remaining_time":2.887448973},
{"learn":[0.2338913437],"iteration":328,"passed_time":1.412810858,"remaining_time":2.881447069},
{"learn":[0.233516546],"iteration":329,"passed_time":1.416614907,"remaining_time":2.876157539},
{"learn":[0.2331568379],"iteration":330,"passed_time":1.420578453,"remaining_time":2.87119935},
{"learn":[0.2327769987],"iteration":331,"passed_time":1.424588123,"remaining_time":2.866339958},
{"learn":[0.2323941567],"iteration":332,"passed_time":1.429734354,"remaining_time":2.863762205},
{"learn":[0.2320162244],"iteration":333,"passed_time":1.433578861,"remaining_time":2.858573416},
{"learn":[0.2316237736],"iteration":334,"passed_time":1.437322744,"remaining_time":2.853192909},
{"learn":[0.2312469154],"iteration":335,"passed_time":1.441193292,"remaining_time":2.848072457},
{"learn":[0.230885396],"iteration":336,"passed_time":1.445072755,"remaining_time":2.842976963},
{"learn":[0.2305031236],"iteration":337,"passed_time":1.449097509,"remaining_time":2.838173227},
{"learn":[0.2301522918],"iteration":338,"passed_time":1.452826351,"remaining_time":2.832797104},
{"learn":[0.2297872593],"iteration":339,"passed_time":1.456852438,"remaining_time":2.828007674},
{"learn":[0.2294370805],"iteration":340,"passed_time":1.460546322,"remaining_time":2.822580723},
{"learn":[0.2290530143],"iteration":341,"passed_time":1.464547243,"remaining_time":2.817754636},
{"learn":[0.2286934581],"iteration":342,"passed_time":1.46847558,"remaining_time":2.812794333},
{"learn":[0.2283131225],"iteration":343,"passed_time":1.472247213,"remaining_time":2.807541197},
{"learn":[0.2279440759],"iteration":344,"passed_time":1.476133635,"remaining_time":2.802514583},
{"learn":[0.2275975606],"iteration":345,"passed_time":1.480217846,"remaining_time":2.797868414},
{"learn":[0.2272401262],"iteration":346,"passed_time":1.484003562,"remaining_time":2.792663764},
{"learn":[0.2268871751],"iteration":347,"passed_time":1.488157938,"remaining_time":2.788157976},
{"learn":[0.2265018362],"iteration":348,"passed_time":1.492164442,"remaining_time":2.783378373},
{"learn":[0.2261560447],"iteration":349,"passed_time":1.496919556,"remaining_time":2.77999346},
{"learn":[0.2258038428],"iteration":350,"passed_time":1.50095035,"remaining_time":2.775261474},
{"learn":[0.2254525367],"iteration":351,"passed_time":1.505247348,"remaining_time":2.771023528},
{"learn":[0.2251036959],"iteration":352,"passed_time":1.509310434,"remaining_time":2.766356518},
{"learn":[0.2247355508],"iteration":353,"passed_time":1.513422768,"remaining_time":2.761782792},
{"learn":[0.2243894432],"iteration":354,"passed_time":1.517547561,"remaining_time":2.757234301},
{"learn":[0.2240280196],"iteration":355,"passed_time":1.521062408,"remaining_time":2.751584805},
{"learn":[0.2237012357],"iteration":356,"passed_time":1.524812999,"remaining_time":2.746371872},
{"learn":[0.2233489968],"iteration":357,"passed_time":1.528475718,"remaining_time":2.741009527},
{"learn":[0.2230111479],"iteration":358,"passed_time":1.532349806,"remaining_time":2.736034056},
{"learn":[0.2226755866],"iteration":359,"passed_time":1.536018233,"remaining_time":2.730699081},
{"learn":[0.2223536175],"iteration":360,"passed_time":1.539684993,"remaining_time":2.725370389},
{"learn":[0.2220204899],"iteration":361,"passed_time":1.543399919,"remaining_time":2.720135769},
{"learn":[0.2216909157],"iteration":362,"passed_time":1.547168178,"remaining_time":2.715003111},
{"learn":[0.2213461903],"iteration":363,"passed_time":1.551258471,"remaining_time":2.710440625},
{"learn":[0.2210181522],"iteration":364,"passed_time":1.554995022,"remaining_time":2.705265312},
{"learn":[0.220693122],"iteration":365,"passed_time":1.558678448,"remaining_time":2.700005836},
{"learn":[0.2203365864],"iteration":366,"passed_time":1.562234085,"remaining_time":2.694534539},
{"learn":[0.219992573],"iteration":367,"passed_time":1.566571958,"remaining_time":2.690417058},
{"learn":[0.2196508927],"iteration":368,"passed_time":1.57077429,"remaining_time":2.686066604},
{"learn":[0.2192999393],"iteration":369,"passed_time":1.574555673,"remaining_time":2.6810002},
{"learn":[0.2189674212],"iteration":370,"passed_time":1.578386389,"remaining_time":2.676024363},
{"learn":[0.2186350311],"iteration":371,"passed_time":1.582778176,"remaining_time":2.672001867},
{"learn":[0.2182975148],"iteration":372,"passed_time":1.586549393,"remaining_time":2.666934234},
{"learn":[0.2179728831],"iteration":373,"passed_time":1.589914451,"remaining_time":2.661193706},
{"learn":[0.2176473361],"iteration":374,"passed_time":1.59381479,"remaining_time":2.656357983},
{"learn":[0.2173046334],"iteration":375,"passed_time":1.598127621,"remaining_time":2.652211796},
{"learn":[0.2169923887],"iteration":376,"passed_time":1.602031001,"remaining_time":2.6473881},
{"learn":[0.2166684821],"iteration":377,"passed_time":1.605866049,"remaining_time":2.642456833},
{"learn":[0.2163370624],"iteration":378,"passed_time":1.60947981,"remaining_time":2.637168766},
{"learn":[0.2160232556],"iteration":379,"passed_time":1.613580437,"remaining_time":2.63268387},
{"learn":[0.2157095375],"iteration":380,"passed_time":1.61726428,"remaining_time":2.627523856},
{"learn":[0.2153971196],"iteration":381,"passed_time":1.621111787,"remaining_time":2.622636347},
{"learn":[0.215062826],"iteration":382,"passed_time":1.625152041,"remaining_time":2.618064776},
{"learn":[0.2147419466],"iteration":383,"passed_time":1.629063005,"remaining_time":2.61328857},
{"learn":[0.2144190116],"iteration":384,"passed_time":1.632768306,"remaining_time":2.608188332},
{"learn":[0.2141155186],"iteration":385,"passed_time":1.636692977,"remaining_time":2.60344427},
{"learn":[0.2137999989],"iteration":386,"passed_time":1.640396444,"remaining_time":2.598354058},
{"learn":[0.2134954032],"iteration":387,"passed_time":1.643928082,"remaining_time":2.592999964},
{"learn":[0.2131865351],"iteration":388,"passed_time":1.647944044,"remaining_time":2.588415966},
{"learn":[0.2128714212],"iteration":389,"passed_time":1.651785551,"remaining_time":2.583562016},
{"learn":[0.2125581136],"iteration":390,"passed_time":1.655738431,"remaining_time":2.578886713},
{"learn":[0.2122337717],"iteration":391,"passed_time":1.6593844,"remaining_time":2.57373907},
{"learn":[0.2119338238],"iteration":392,"passed_time":1.663121118,"remaining_time":2.568739233},
{"learn":[0.2116358449],"iteration":393,"passed_time":1.667036957,"remaining_time":2.564021309},
{"learn":[0.2113141358],"iteration":394,"passed_time":1.670878172,"remaining_time":2.55919315},
{"learn":[0.2110007915],"iteration":395,"passed_time":1.674822218,"remaining_time":2.554526818},
{"learn":[0.2107009591],"iteration":396,"passed_time":1.678526727,"remaining_time":2.549500294},
{"learn":[0.2103982],"iteration":397,"passed_time":1.682944889,"remaining_time":2.545559858},
{"learn":[0.210083204],"iteration":398,"passed_time":1.687272844,"remaining_time":2.541481151},
{"learn":[0.2097944221],"iteration":399,"passed_time":1.690882022,"remaining_time":2.536323033},
{"learn":[0.209491713],"iteration":400,"passed_time":1.694896775,"remaining_time":2.531778474},
{"learn":[0.2092008395],"iteration":401,"passed_time":1.699188898,"remaining_time":2.527649157},
{"learn":[0.2088854041],"iteration":402,"passed_time":1.703106653,"remaining_time":2.522964446},
{"learn":[0.2085860071],"iteration":403,"passed_time":1.70672254,"remaining_time":2.517838202},
{"learn":[0.2082888419],"iteration":404,"passed_time":1.71080675,"remaining_time":2.513407448},
{"learn":[0.2079837274],"iteration":405,"passed_time":1.71506604,"remaining_time":2.509234552},
{"learn":[0.2076854027],"iteration":406,"passed_time":1.719619824,"remaining_time":2.505490309},
{"learn":[0.2073756774],"iteration":407,"passed_time":1.723401958,"remaining_time":2.500622449},
{"learn":[0.2070843106],"iteration":408,"passed_time":1.727316714,"remaining_time":2.495951535},
{"learn":[0.2067810154],"iteration":409,"passed_time":1.73102739,"remaining_time":2.490990634},
{"learn":[0.206487713],"iteration":410,"passed_time":1.734692692,"remaining_time":2.485970792},
{"learn":[0.2062029694],"iteration":411,"passed_time":1.738394493,"remaining_time":2.481009616},
{"learn":[0.205933346],"iteration":412,"passed_time":1.741936631,"remaining_time":2.475827609},
{"learn":[0.2056509578],"iteration":413,"passed_time":1.745732722,"remaining_time":2.471012984},
{"learn":[0.2053321543],"iteration":414,"passed_time":1.749543771,"remaining_time":2.466224352},
{"learn":[0.2050596361],"iteration":415,"passed_time":1.753250447,"remaining_time":2.461293897},
{"learn":[0.2047663005],"iteration":416,"passed_time":1.757270284,"remaining_time":2.456807136},
{"learn":[0.2044708598],"iteration":417,"passed_time":1.761009002,"remaining_time":2.451931194},
{"learn":[0.2041751742],"iteration":418,"passed_time":1.764713553,"remaining_time":2.447013303},
{"learn":[0.2039021214],"iteration":419,"passed_time":1.768517102,"remaining_time":2.442237902},
{"learn":[0.2036201357],"iteration":420,"passed_time":1.772293692,"remaining_time":2.437430042},
{"learn":[0.2033491894],"iteration":421,"passed_time":1.776228947,"remaining_time":2.432844387},
{"learn":[0.203065421],"iteration":422,"passed_time":1.78038203,"remaining_time":2.428558939},
{"learn":[0.2027834892],"iteration":423,"passed_time":1.78416208,"remaining_time":2.423767353},
{"learn":[0.2025122639],"iteration":424,"passed_time":1.787846381,"remaining_time":2.418850986},
{"learn":[0.2022339392],"iteration":425,"passed_time":1.791946966,"remaining_time":2.414501311},
{"learn":[0.201962932],"iteration":426,"passed_time":1.795890762,"remaining_time":2.409942405},
{"learn":[0.2016875118],"iteration":427,"passed_time":1.799745645,"remaining_time":2.405267544},
{"learn":[0.2014001086],"iteration":428,"passed_time":1.80425568,"remaining_time":2.401468515},
{"learn":[0.2011268435],"iteration":429,"passed_time":1.808557927,"remaining_time":2.39739074},
{"learn":[0.2008357656],"iteration":430,"passed_time":1.813144419,"remaining_time":2.39368718},
{"learn":[0.2005716215],"iteration":431,"passed_time":1.817057175,"remaining_time":2.389093693},
{"learn":[0.2003074659],"iteration":432,"passed_time":1.820700227,"remaining_time":2.384150182},
{"learn":[0.2000450341],"iteration":433,"passed_time":1.824082244,"remaining_time":2.378872235},
{"learn":[0.1997725026],"iteration":434,"passed_time":1.8279435,"remaining_time":2.374225465},
{"learn":[0.1995067975],"iteration":435,"passed_time":1.831215477,"remaining_time":2.36882002},
{"learn":[0.199230758],"iteration":436,"passed_time":1.834774406,"remaining_time":2.363794028},
{"learn":[0.1989691301],"iteration":437,"passed_time":1.838581038,"remaining_time":2.359092564},
{"learn":[0.1986740261],"iteration":438,"passed_time":1.842460043,"remaining_time":2.354487663},
{"learn":[0.1983992602],"iteration":439,"passed_time":1.846904871,"remaining_time":2.3506062},
{"learn":[0.1981509629],"iteration":440,"passed_time":1.850499842,"remaining_time":2.345644924},
{"learn":[0.1978919264],"iteration":441,"passed_time":1.854126727,"remaining_time":2.340730122},
{"learn":[0.1976420695],"iteration":442,"passed_time":1.858062566,"remaining_time":2.336209592},
{"learn":[0.1973643482],"iteration":443,"passed_time":1.862213858,"remaining_time":2.331961498},
{"learn":[0.1970888206],"iteration":444,"passed_time":1.866283277,"remaining_time":2.327611727},
{"learn":[0.1968187181],"iteration":445,"passed_time":1.870225031,"remaining_time":2.323104635},
{"learn":[0.1965709969],"iteration":446,"passed_time":1.873974956,"remaining_time":2.318362754},
{"learn":[0.1963025299],"iteration":447,"passed_time":1.878459117,"remaining_time":2.314529983},
{"learn":[0.1960509077],"iteration":448,"passed_time":1.882256666,"remaining_time":2.309851722},
{"learn":[0.1957909249],"iteration":449,"passed_time":1.88585576,"remaining_time":2.304934818},
{"learn":[0.1955333061],"iteration":450,"passed_time":1.889552811,"remaining_time":2.300143001},
{"learn":[0.1952830931],"iteration":451,"passed_time":1.893689229,"remaining_time":2.295888711},
{"learn":[0.1950386944],"iteration":452,"passed_time":1.897521568,"remaining_time":2.291267766},
{"learn":[0.1947883359],"iteration":453,"passed_time":1.901250953,"remaining_time":2.286526476},
{"learn":[0.1945170006],"iteration":454,"passed_time":1.905703531,"remaining_time":2.282655878},
{"learn":[0.1942488774],"iteration":455,"passed_time":1.909684785,"remaining_time":2.278220445},
{"learn":[0.1939990545],"iteration":456,"passed_time":1.913982949,"remaining_time":2.274163548},
{"learn":[0.1937308853],"iteration":457,"passed_time":1.917615626,"remaining_time":2.269318056},
{"learn":[0.193480338],"iteration":458,"passed_time":1.921509674,"remaining_time":2.264785912},
{"learn":[0.1932156325],"iteration":459,"passed_time":1.925197809,"remaining_time":2.260014819},
{"learn":[0.1929815647],"iteration":460,"passed_time":1.929513473,"remaining_time":2.25598213},
{"learn":[0.1927398436],"iteration":461,"passed_time":1.933453727,"remaining_time":2.25151105},
{"learn":[0.1924833825],"iteration":462,"passed_time":1.937478855,"remaining_time":2.247140702},
{"learn":[0.1922515006],"iteration":463,"passed_time":1.941094241,"remaining_time":2.24229852},
{"learn":[0.1920148439],"iteration":464,"passed_time":1.944769918,"remaining_time":2.23753098},
{"learn":[0.1917759751],"iteration":465,"passed_time":1.948626008,"remaining_time":2.232974867},
{"learn":[0.1915201005],"iteration":466,"passed_time":1.953521201,"remaining_time":2.229607709},
{"learn":[0.1912688919],"iteration":467,"passed_time":1.957843282,"remaining_time":2.225582534},
{"learn":[0.1910323724],"iteration":468,"passed_time":1.961894493,"remaining_time":2.221249415},
{"learn":[0.1907816409],"iteration":469,"passed_time":1.965851789,"remaining_time":2.216811592},
{"learn":[0.1905377766],"iteration":470,"passed_time":1.969588589,"remaining_time":2.212128161},
{"learn":[0.1902813334],"iteration":471,"passed_time":1.973644299,"remaining_time":2.207805487},
{"learn":[0.1900230686],"iteration":472,"passed_time":1.977977338,"remaining_time":2.203792932},
{"learn":[0.1897652255],"iteration":473,"passed_time":1.981796804,"remaining_time":2.199209111},
{"learn":[0.1895351082],"iteration":474,"passed_time":1.985523187,"remaining_time":2.194525628},
{"learn":[0.1892801917],"iteration":475,"passed_time":1.989520774,"remaining_time":2.190144717},
{"learn":[0.1890263254],"iteration":476,"passed_time":1.993430362,"remaining_time":2.18566893},
{"learn":[0.1887978134],"iteration":477,"passed_time":1.997439574,"remaining_time":2.181304305},
{"learn":[0.1885518876],"iteration":478,"passed_time":2.001127667,"remaining_time":2.176591888},
{"learn":[0.1883205021],"iteration":479,"passed_time":2.004878675,"remaining_time":2.171951898},
{"learn":[0.1880752995],"iteration":480,"passed_time":2.009788286,"remaining_time":2.168565739},
{"learn":[0.1878217074],"iteration":481,"passed_time":2.013644667,"remaining_time":2.164041364},
{"learn":[0.1875908445],"iteration":482,"passed_time":2.017432134,"remaining_time":2.15944599},
{"learn":[0.1873668873],"iteration":483,"passed_time":2.021545426,"remaining_time":2.155201322},
{"learn":[0.1871197642],"iteration":484,"passed_time":2.02619175,"remaining_time":2.151523198},
{"learn":[0.1868862749],"iteration":485,"passed_time":2.030091047,"remaining_time":2.147051025},
{"learn":[0.1866428192],"iteration":486,"passed_time":2.034148299,"remaining_time":2.142747592},
{"learn":[0.1864097203],"iteration":487,"passed_time":2.037699978,"remaining_time":2.137914731},
{"learn":[0.186166406],"iteration":488,"passed_time":2.041950477,"remaining_time":2.13381737},
{"learn":[0.1859395364],"iteration":489,"passed_time":2.045713693,"remaining_time":2.129212211},
{"learn":[0.1857155025],"iteration":490,"passed_time":2.05022552,"remaining_time":2.125386537},
{"learn":[0.1854725928],"iteration":491,"passed_time":2.054183316,"remaining_time":2.120986026},
{"learn":[0.1852485382],"iteration":492,"passed_time":2.058365608,"remaining_time":2.116818181},
{"learn":[0.1850326303],"iteration":493,"passed_time":2.062919434,"remaining_time":2.113030837},
{"learn":[0.1847954144],"iteration":494,"passed_time":2.067229348,"remaining_time":2.108991557},
{"learn":[0.1845803718],"iteration":495,"passed_time":2.070852151,"remaining_time":2.104252992},
{"learn":[0.1843507236],"iteration":496,"passed_time":2.075782677,"remaining_time":2.100842428},
{"learn":[0.1841152302],"iteration":497,"passed_time":2.079479103,"remaining_time":2.096181747},
{"learn":[0.1838930584],"iteration":498,"passed_time":2.084146426,"remaining_time":2.092499719},
{"learn":[0.1836560602],"iteration":499,"passed_time":2.088061806,"remaining_time":2.088061806},
{"learn":[0.1834146234],"iteration":500,"passed_time":2.09194902,"remaining_time":2.083597926},
{"learn":[0.1831803927],"iteration":501,"passed_time":2.09551449,"remaining_time":2.078817164},
{"learn":[0.1829678582],"iteration":502,"passed_time":2.099694699,"remaining_time":2.074648639},
{"learn":[0.1827369606],"iteration":503,"passed_time":2.103435916,"remaining_time":2.070048045},
{"learn":[0.182509174],"iteration":504,"passed_time":2.107477919,"remaining_time":2.065745683},
{"learn":[0.1822872889],"iteration":505,"passed_time":2.111419631,"remaining_time":2.061346438},
{"learn":[0.1820667926],"iteration":506,"passed_time":2.115078474,"remaining_time":2.05667394},
{"learn":[0.1818357358],"iteration":507,"passed_time":2.118573696,"remaining_time":2.051846966},
{"learn":[0.1816231687],"iteration":508,"passed_time":2.122059835,"remaining_time":2.047016461},
{"learn":[0.181384185],"iteration":509,"passed_time":2.125940715,"remaining_time":2.042570491},
{"learn":[0.1811567095],"iteration":510,"passed_time":2.129428896,"remaining_time":2.037750939},
{"learn":[0.1809229002],"iteration":511,"passed_time":2.133185155,"remaining_time":2.033192101},
{"learn":[0.1806945511],"iteration":512,"passed_time":2.136888997,"remaining_time":2.02858663},
{"learn":[0.1804806993],"iteration":513,"passed_time":2.141265492,"remaining_time":2.02462068},
{"learn":[0.1802722923],"iteration":514,"passed_time":2.145298828,"remaining_time":2.020329964},
{"learn":[0.1800474435],"iteration":515,"passed_time":2.149820905,"remaining_time":2.016498678},
{"learn":[0.1798297335],"iteration":516,"passed_time":2.153466707,"remaining_time":2.011846072},
{"learn":[0.179631047],"iteration":517,"passed_time":2.157517792,"remaining_time":2.007574471},
{"learn":[0.1794177457],"iteration":518,"passed_time":2.161679667,"remaining_time":2.003406397},
{"learn":[0.179206017],"iteration":519,"passed_time":2.166437863,"remaining_time":1.999788797},
{"learn":[0.1789888205],"iteration":520,"passed_time":2.171493345,"remaining_time":1.996440139},
{"learn":[0.1787660229],"iteration":521,"passed_time":2.175911798,"remaining_time":1.992501608},
{"learn":[0.1785454528],"iteration":522,"passed_time":2.179686889,"remaining_time":1.987974466},
{"learn":[0.1783163793],"iteration":523,"passed_time":2.183553853,"remaining_time":1.983533652},
{"learn":[0.1780966361],"iteration":524,"passed_time":2.188282174,"remaining_time":1.979874348},
{"learn":[0.1778968434],"iteration":525,"passed_time":2.192303052,"remaining_time":1.975573473},
{"learn":[0.1776779203],"iteration":526,"passed_time":2.196079685,"remaining_time":1.971054442},
{"learn":[0.177457558],"iteration":527,"passed_time":2.199790069,"remaining_time":1.966479001},
{"learn":[0.1772358338],"iteration":528,"passed_time":2.203629784,"remaining_time":1.962021982},
{"learn":[0.1770268038],"iteration":529,"passed_time":2.2078402,"remaining_time":1.957896026},
{"learn":[0.1768279655],"iteration":530,"passed_time":2.211441794,"remaining_time":1.953232018},
{"learn":[0.1766146332],"iteration":531,"passed_time":2.215358674,"remaining_time":1.94884936},
{"learn":[0.1763959805],"iteration":532,"passed_time":2.219015767,"remaining_time":1.944240831},
{"learn":[0.1761876322],"iteration":533,"passed_time":2.223051978,"remaining_time":1.939966708},
{"learn":[0.1759844723],"iteration":534,"passed_time":2.226909026,"remaining_time":1.935537752},
{"learn":[0.1757769917],"iteration":535,"passed_time":2.230335125,"remaining_time":1.930737869},
{"learn":[0.1755660762],"iteration":536,"passed_time":2.234215173,"remaining_time":1.926334497},
{"learn":[0.175376433],"iteration":537,"passed_time":2.238839622,"remaining_time":1.922572315},
{"learn":[0.1751659702],"iteration":538,"passed_time":2.242904791,"remaining_time":1.918328588},
{"learn":[0.1749659212],"iteration":539,"passed_time":2.246677675,"remaining_time":1.913836538},
{"learn":[0.1747510261],"iteration":540,"passed_time":2.250182772,"remaining_time":1.909119949},
{"learn":[0.1745485416],"iteration":541,"passed_time":2.254151985,"remaining_time":1.904800017},
{"learn":[0.1743423178],"iteration":542,"passed_time":2.25770358,"remaining_time":1.900129901},
{"learn":[0.1741427927],"iteration":543,"passed_time":2.261310175,"remaining_time":1.89551},
{"learn":[0.1739327027],"iteration":544,"passed_time":2.265395843,"remaining_time":1.891293777},
{"learn":[0.1737377595],"iteration":545,"passed_time":2.269008604,"remaining_time":1.88668481},
{"learn":[0.173523022],"iteration":546,"passed_time":2.273155356,"remaining_time":1.882521711},
{"learn":[0.1733200269],"iteration":547,"passed_time":2.277548643,"remaining_time":1.878562019},
{"learn":[0.1731126468],"iteration":548,"passed_time":2.281204195,"remaining_time":1.873994703},
{"learn":[0.1729230888],"iteration":549,"passed_time":2.285064118,"remaining_time":1.869597915},
{"learn":[0.1727338165],"iteration":550,"passed_time":2.289430239,"remaining_time":1.865615567},
{"learn":[0.1725200544],"iteration":551,"passed_time":2.293324452,"remaining_time":1.861248831},
{"learn":[0.1723031267],"iteration":552,"passed_time":2.297224416,"remaining_time":1.856888452},
{"learn":[0.1721131826],"iteration":553,"passed_time":2.300861844,"remaining_time":1.85231838},
{"learn":[0.171917645],"iteration":554,"passed_time":2.305070427,"remaining_time":1.848209621},
{"learn":[0.1717034723],"iteration":555,"passed_time":2.308896392,"remaining_time":1.843794961},
{"learn":[0.1714943301],"iteration":556,"passed_time":2.312595277,"remaining_time":1.839281343},
{"learn":[0.171274155],"iteration":557,"passed_time":2.316254954,"remaining_time":1.834739588},
{"learn":[0.171066642],"iteration":558,"passed_time":2.320114461,"remaining_time":1.830358636},
{"learn":[0.1708730564],"iteration":559,"passed_time":2.32396601,"remaining_time":1.825973293},
{"learn":[0.1706801693],"iteration":560,"passed_time":2.327446482,"remaining_time":1.821299475},
{"learn":[0.1704889758],"iteration":561,"passed_time":2.331422611,"remaining_time":1.817016198},
{"learn":[0.1702776284],"iteration":562,"passed_time":2.33510987,"remaining_time":1.812509793},
{"learn":[0.1700762102],"iteration":563,"passed_time":2.33928362,"remaining_time":1.808382373},
{"learn":[0.1698725789],"iteration":564,"passed_time":2.343270998,"remaining_time":1.8041113},
{"learn":[0.1696875497],"iteration":565,"passed_time":2.347280543,"remaining_time":1.799858226},
{"learn":[0.1694946873],"iteration":566,"passed_time":2.351739704,"remaining_time":1.795949369},
{"learn":[0.1692988684],"iteration":567,"passed_time":2.355618044,"remaining_time":1.791596822},
{"learn":[0.1691129051],"iteration":568,"passed_time":2.359128349,"remaining_time":1.786967168},
{"learn":[0.1689248172],"iteration":569,"passed_time":2.362814692,"remaining_time":1.782474242},
{"learn":[0.1687283793],"iteration":570,"passed_time":2.366559785,"remaining_time":1.778028279},
{"learn":[0.1685302217],"iteration":571,"passed_time":2.371094985,"remaining_time":1.774175968},
{"learn":[0.1683441749],"iteration":572,"passed_time":2.374649414,"remaining_time":1.769590401},
{"learn":[0.1681663708],"iteration":573,"passed_time":2.378416547,"remaining_time":1.765166287},
{"learn":[0.1679798385],"iteration":574,"passed_time":2.382251178,"remaining_time":1.760794349},
{"learn":[0.1677769625],"iteration":575,"passed_time":2.386354097,"remaining_time":1.756621766},
{"learn":[0.167593665],"iteration":576,"passed_time":2.390614887,"remaining_time":1.752565159},
{"learn":[0.1674127166],"iteration":577,"passed_time":2.394504351,"remaining_time":1.748236741},
{"learn":[0.1672255772],"iteration":578,"passed_time":2.398408564,"remaining_time":1.743920562},
{"learn":[0.167026758],"iteration":579,"passed_time":2.402790352,"remaining_time":1.739951634},
{"learn":[0.1668557338],"iteration":580,"passed_time":2.407011184,"remaining_time":1.735865209},
{"learn":[0.1666757823],"iteration":581,"passed_time":2.410864941,"remaining_time":1.731514683},
{"learn":[0.1664983547],"iteration":582,"passed_time":2.414761031,"remaining_time":1.72719614},
{"learn":[0.1662974073],"iteration":583,"passed_time":2.418655703,"remaining_time":1.722878035},
{"learn":[0.166114209],"iteration":584,"passed_time":2.422442669,"remaining_time":1.718484971},
{"learn":[0.1659372742],"iteration":585,"passed_time":2.426360257,"remaining_time":1.714186257},
{"learn":[0.1657638684],"iteration":586,"passed_time":2.43028572,"remaining_time":1.709894382},
{"learn":[0.1655927934],"iteration":587,"passed_time":2.434100727,"remaining_time":1.70552636},
{"learn":[0.1654038061],"iteration":588,"passed_time":2.438210103,"remaining_time":1.701365624},
{"learn":[0.1652002963],"iteration":589,"passed_time":2.441905696,"remaining_time":1.696917518},
{"learn":[0.1650195062],"iteration":590,"passed_time":2.445869617,"remaining_time":1.692657654},
{"learn":[0.164832172],"iteration":591,"passed_time":2.450104532,"remaining_time":1.688585556},
{"learn":[0.1646509601],"iteration":592,"passed_time":2.45436128,"remaining_time":1.684527894},
{"learn":[0.1644660928],"iteration":593,"passed_time":2.45803904,"remaining_time":1.680073822},
{"learn":[0.1642490434],"iteration":594,"passed_time":2.461679551,"remaining_time":1.675597006},
{"learn":[0.1640677984],"iteration":595,"passed_time":2.465287604,"remaining_time":1.671100994},
{"learn":[0.1638904117],"iteration":596,"passed_time":2.469248941,"remaining_time":1.666846438},
{"learn":[0.1637122732],"iteration":597,"passed_time":2.472803911,"remaining_time":1.662319686},
{"learn":[0.1635393683],"iteration":598,"passed_time":2.476836956,"remaining_time":1.658116226},
{"learn":[0.1633626805],"iteration":599,"passed_time":2.48090725,"remaining_time":1.653938167},
{"learn":[0.1631920366],"iteration":600,"passed_time":2.484816589,"remaining_time":1.649653609},
{"learn":[0.1630055545],"iteration":601,"passed_time":2.488629096,"remaining_time":1.645306279},
{"learn":[0.1628199561],"iteration":602,"passed_time":2.492739056,"remaining_time":1.641156559},
{"learn":[0.1626427039],"iteration":603,"passed_time":2.49643769,"remaining_time":1.636737293},
{"learn":[0.162452803],"iteration":604,"passed_time":2.50033757,"remaining_time":1.632451802},
{"learn":[0.162271805],"iteration":605,"passed_time":2.504426988,"remaining_time":1.628290814},
{"learn":[0.1621004941],"iteration":606,"passed_time":2.508611946,"remaining_time":1.624191919},
{"learn":[0.1619303416],"iteration":607,"passed_time":2.512305414,"remaining_time":1.619775859},
{"learn":[0.1617383559],"iteration":608,"passed_time":2.516165128,"remaining_time":1.615468908},
{"learn":[0.1615827138],"iteration":609,"passed_time":2.5196346,"remaining_time":1.610913925},
{"learn":[0.1613933424],"iteration":610,"passed_time":2.52376885,"remaining_time":1.606785733},
{"learn":[0.1612145696],"iteration":611,"passed_time":2.527399362,"remaining_time":1.602338158},
{"learn":[0.1610439589],"iteration":612,"passed_time":2.531061539,"remaining_time":1.597913239},
{"learn":[0.1608783562],"iteration":613,"passed_time":2.535013751,"remaining_time":1.59367314},
{"learn":[0.1607111883],"iteration":614,"passed_time":2.53881855,"remaining_time":1.589341694},
{"learn":[0.160538801],"iteration":615,"passed_time":2.5425631,"remaining_time":1.5849744},
{"learn":[0.1603596223],"iteration":616,"passed_time":2.547404796,"remaining_time":1.581290173},
{"learn":[0.1601931635],"iteration":617,"passed_time":2.55171746,"remaining_time":1.577275194},
{"learn":[0.1600079657],"iteration":618,"passed_time":2.555755421,"remaining_time":1.57309017},
{"learn":[0.1598441008],"iteration":619,"passed_time":2.559689177,"remaining_time":1.568841753},
{"learn":[0.1596721369],"iteration":620,"passed_time":2.563502101,"remaining_time":1.564520606},
{"learn":[0.1594980902],"iteration":621,"passed_time":2.56728565,"remaining_time":1.560183241},
{"learn":[0.1593494556],"iteration":622,"passed_time":2.571562399,"remaining_time":1.556146106},
{"learn":[0.159177957],"iteration":623,"passed_time":2.575365948,"remaining_time":1.551823071},
{"learn":[0.1590018232],"iteration":624,"passed_time":2.579313786,"remaining_time":1.547588272},
{"learn":[0.1588308365],"iteration":625,"passed_time":2.583759864,"remaining_time":1.543652059},
{"learn":[0.1586607357],"iteration":626,"passed_time":2.587752952,"remaining_time":1.539444738},
{"learn":[0.1584895392],"iteration":627,"passed_time":2.591647874,"remaining_time":1.535179951},
{"learn":[0.1583119827],"iteration":628,"passed_time":2.595263927,"remaining_time":1.530751855},
{"learn":[0.158151809],"iteration":629,"passed_time":2.599096808,"remaining_time":1.526453681},
{"learn":[0.1579757618],"iteration":630,"passed_time":2.602723278,"remaining_time":1.522036275},
{"learn":[0.1578120733],"iteration":631,"passed_time":2.606450661,"remaining_time":1.517680132},
{"learn":[0.1576555616],"iteration":632,"passed_time":2.609998632,"remaining_time":1.513221956},
{"learn":[0.1574760086],"iteration":633,"passed_time":2.614083842,"remaining_time":1.509076792},
{"learn":[0.1572974482],"iteration":634,"passed_time":2.618457213,"remaining_time":1.505097453},
{"learn":[0.1571224635],"iteration":635,"passed_time":2.622634838,"remaining_time":1.501004844},
{"learn":[0.156956667],"iteration":636,"passed_time":2.626591468,"remaining_time":1.496786033},
{"learn":[0.1567866649],"iteration":637,"passed_time":2.630537722,"remaining_time":1.492562156},
{"learn":[0.1566170558],"iteration":638,"passed_time":2.634308022,"remaining_time":1.488239743},
{"learn":[0.1564643485],"iteration":639,"passed_time":2.638171361,"remaining_time":1.483971391},
{"learn":[0.1563020787],"iteration":640,"passed_time":2.641678876,"remaining_time":1.479505018},
{"learn":[0.1561439074],"iteration":641,"passed_time":2.645534674,"remaining_time":1.475235846},
{"learn":[0.1559714807],"iteration":642,"passed_time":2.651659385,"remaining_time":1.472227684},
{"learn":[0.1558080697],"iteration":643,"passed_time":2.657463437,"remaining_time":1.469032583},
{"learn":[0.1556376275],"iteration":644,"passed_time":2.662860037,"remaining_time":1.465605137},
{"learn":[0.1554814637],"iteration":645,"passed_time":2.667308365,"remaining_time":1.461651952},
{"learn":[0.155306356],"iteration":646,"passed_time":2.6722161,"remaining_time":1.457947888},
{"learn":[0.1551437789],"iteration":647,"passed_time":2.678252855,"remaining_time":1.454853403},
{"learn":[0.1549739647],"iteration":648,"passed_time":2.683184673,"remaining_time":1.451152265},
{"learn":[0.1548217758],"iteration":649,"passed_time":2.686941223,"remaining_time":1.446814505},
{"learn":[0.1546690434],"iteration":650,"passed_time":2.690632566,"remaining_time":1.442443572},
{"learn":[0.1545125104],"iteration":651,"passed_time":2.69465361,"remaining_time":1.4382507},
{"learn":[0.154352672],"iteration":652,"passed_time":2.699467597,"remaining_time":1.434479719},
{"learn":[0.1541942315],"iteration":653,"passed_time":2.70307015,"remaining_time":1.430064636},
{"learn":[0.1540353545],"iteration":654,"passed_time":2.70671937,"remaining_time":1.425676615},
{"learn":[0.153865884],"iteration":655,"passed_time":2.710418879,"remaining_time":1.421317217},
{"learn":[0.1537155105],"iteration":656,"passed_time":2.714386633,"remaining_time":1.417099871},
{"learn":[0.1535455297],"iteration":657,"passed_time":2.718515758,"remaining_time":1.412967157},
{"learn":[0.153372476],"iteration":658,"passed_time":2.72305771,"remaining_time":1.409048071},
{"learn":[0.1532088688],"iteration":659,"passed_time":2.726579389,"remaining_time":1.404601504},
{"learn":[0.1530687629],"iteration":660,"passed_time":2.7302484,"remaining_time":1.400233294},
{"learn":[0.152920209],"iteration":661,"passed_time":2.733922161,"remaining_time":1.395869623},
{"learn":[0.1527553692],"iteration":662,"passed_time":2.737525714,"remaining_time":1.391472346},
{"learn":[0.1525928974],"iteration":663,"passed_time":2.741372554,"remaining_time":1.38720057},
{"learn":[0.1524399211],"iteration":664,"passed_time":2.745326225,"remaining_time":1.382983888},
{"learn":[0.1522810888],"iteration":665,"passed_time":2.748908654,"remaining_time":1.378581817},
{"learn":[0.152121042],"iteration":666,"passed_time":2.753022114,"remaining_time":1.374447322},
{"learn":[0.1519657584],"iteration":667,"passed_time":2.756860787,"remaining_time":1.370176319},
{"learn":[0.1518153692],"iteration":668,"passed_time":2.760442674,"remaining_time":1.365779559},
{"learn":[0.1516591086],"iteration":669,"passed_time":2.764522926,"remaining_time":1.361630695},
{"learn":[0.1515073834],"iteration":670,"passed_time":2.768218686,"remaining_time":1.357293514},
{"learn":[0.1513585043],"iteration":671,"passed_time":2.772191482,"remaining_time":1.353093461},
{"learn":[0.151198119],"iteration":672,"passed_time":2.776115821,"remaining_time":1.34887054},
{"learn":[0.151047481],"iteration":673,"passed_time":2.779662875,"remaining_time":1.34446602},
{"learn":[0.1509120672],"iteration":674,"passed_time":2.783475299,"remaining_time":1.340191811},
{"learn":[0.150767471],"iteration":675,"passed_time":2.787130684,"remaining_time":1.335843701},
{"learn":[0.1506125945],"iteration":676,"passed_time":2.790873109,"remaining_time":1.331539164},
{"learn":[0.1504503587],"iteration":677,"passed_time":2.794780031,"remaining_time":1.32731441},
{"learn":[0.1502878521],"iteration":678,"passed_time":2.798620246,"remaining_time":1.323059056},
{"learn":[0.1501304113],"iteration":679,"passed_time":2.802442377,"remaining_time":1.318796413},
{"learn":[0.1499791647],"iteration":680,"passed_time":2.806103096,"remaining_time":1.314459453},
{"learn":[0.1498344932],"iteration":681,"passed_time":2.80968265,"remaining_time":1.310086631},
{"learn":[0.1496900453],"iteration":682,"passed_time":2.814160352,"remaining_time":1.306132989},
{"learn":[0.1495547247],"iteration":683,"passed_time":2.818766135,"remaining_time":1.302236986},
{"learn":[0.1494106458],"iteration":684,"passed_time":2.822809387,"remaining_time":1.298080229},
{"learn":[0.1492459236],"iteration":685,"passed_time":2.826786641,"remaining_time":1.293893594},
{"learn":[0.1491082063],"iteration":686,"passed_time":2.831175137,"remaining_time":1.289894931},
{"learn":[0.1489539991],"iteration":687,"passed_time":2.83504081,"remaining_time":1.285658042},
{"learn":[0.1488178929],"iteration":688,"passed_time":2.838756194,"remaining_time":1.281354392},
{"learn":[0.1486498436],"iteration":689,"passed_time":2.842533493,"remaining_time":1.277080265},
{"learn":[0.1484992493],"iteration":690,"passed_time":2.846375126,"remaining_time":1.272836344},
{"learn":[0.1483572843],"iteration":691,"passed_time":2.850334214,"remaining_time":1.268645864},
{"learn":[0.1482167487],"iteration":692,"passed_time":2.854289177,"remaining_time":1.264454224},
{"learn":[0.148058274],"iteration":693,"passed_time":2.858202849,"remaining_time":1.26024506},
{"learn":[0.1479213571],"iteration":694,"passed_time":2.861895317,"remaining_time":1.255939671},
{"learn":[0.1477799249],"iteration":695,"passed_time":2.865958777,"remaining_time":1.251798086},
{"learn":[0.1476235461],"iteration":696,"passed_time":2.869744576,"remaining_time":1.247536021},
{"learn":[0.1474657391],"iteration":697,"passed_time":2.873401294,"remaining_time":1.243219471},
{"learn":[0.14731177],"iteration":698,"passed_time":2.877352341,"remaining_time":1.239031552},
{"learn":[0.1471659647],"iteration":699,"passed_time":2.880998101,"remaining_time":1.234713472},
{"learn":[0.1470204263],"iteration":700,"passed_time":2.884644778,"remaining_time":1.230397701},
{"learn":[0.146877469],"iteration":701,"passed_time":2.888313414,"remaining_time":1.226093159},
{"learn":[0.146720857],"iteration":702,"passed_time":2.892967321,"remaining_time":1.222206678},
{"learn":[0.1465848268],"iteration":703,"passed_time":2.897272443,"remaining_time":1.218171368},
{"learn":[0.1464352878],"iteration":704,"passed_time":2.901078784,"remaining_time":1.213926583},
{"learn":[0.1462932677],"iteration":705,"passed_time":2.905300617,"remaining_time":1.209856064},
{"learn":[0.146151912],"iteration":706,"passed_time":2.908714841,"remaining_time":1.205450422},
{"learn":[0.1460022331],"iteration":707,"passed_time":2.912633221,"remaining_time":1.201255509},
{"learn":[0.1458529107],"iteration":708,"passed_time":2.91649256,"remaining_time":1.197037144},
{"learn":[0.1457000548],"iteration":709,"passed_time":2.920288942,"remaining_time":1.192794075},
{"learn":[0.1455551224],"iteration":710,"passed_time":2.924039825,"remaining_time":1.188533768},
{"learn":[0.1454077773],"iteration":711,"passed_time":2.927969746,"remaining_time":1.184347313},
{"learn":[0.1452698007],"iteration":712,"passed_time":2.931710672,"remaining_time":1.180085502},
{"learn":[0.1451073993],"iteration":713,"passed_time":2.935433682,"remaining_time":1.175817973},
{"learn":[0.1449641547],"iteration":714,"passed_time":2.939343354,"remaining_time":1.171626372},
{"learn":[0.1448139319],"iteration":715,"passed_time":2.943208234,"remaining_time":1.167417791},
{"learn":[0.1446621173],"iteration":716,"passed_time":2.947028492,"remaining_time":1.163192557},
{"learn":[0.1445282445],"iteration":717,"passed_time":2.950586171,"remaining_time":1.158865321},
{"learn":[0.1443792905],"iteration":718,"passed_time":2.955581363,"remaining_time":1.155102035},
{"learn":[0.1442364978],"iteration":719,"passed_time":2.958749341,"remaining_time":1.150624744},
{"learn":[0.1440873793],"iteration":720,"passed_time":2.962421643,"remaining_time":1.146346239},
{"learn":[0.143945894],"iteration":721,"passed_time":2.966643184,"remaining_time":1.142280893},
{"learn":[0.1438140562],"iteration":722,"passed_time":2.970978139,"remaining_time":1.138258568},
{"learn":[0.1436700174],"iteration":723,"passed_time":2.97476173,"remaining_time":1.13402519},
{"learn":[0.1435161682],"iteration":724,"passed_time":2.978610112,"remaining_time":1.129817629},
{"learn":[0.1433767645],"iteration":725,"passed_time":2.982331746,"remaining_time":1.125563221},
{"learn":[0.1432269931],"iteration":726,"passed_time":2.986063921,"remaining_time":1.121314237},
{"learn":[0.1430825306],"iteration":727,"passed_time":2.989604393,"remaining_time":1.116995048},
{"learn":[0.1429336033],"iteration":728,"passed_time":2.993428608,"remaining_time":1.112783474},
{"learn":[0.1427914769],"iteration":729,"passed_time":2.997402112,"remaining_time":1.108628178},
{"learn":[0.1426551969],"iteration":730,"passed_time":3.001329117,"remaining_time":1.104456269},
{"learn":[0.1425216199],"iteration":731,"passed_time":3.005236039,"remaining_time":1.100277675},
{"learn":[0.1423878254],"iteration":732,"passed_time":3.008835634,"remaining_time":1.095987878},
{"learn":[0.1422545738],"iteration":733,"passed_time":3.01251231,"remaining_time":1.091727895},
{"learn":[0.1421070093],"iteration":734,"passed_time":3.016389817,"remaining_time":1.087541907},
{"learn":[0.1419757618],"iteration":735,"passed_time":3.020009412,"remaining_time":1.083264246},
{"learn":[0.1418402949],"iteration":736,"passed_time":3.023927417,"remaining_time":1.079094858},
{"learn":[0.141704112],"iteration":737,"passed_time":3.027843754,"remaining_time":1.074925561},
{"learn":[0.1415565521],"iteration":738,"passed_time":3.031722344,"remaining_time":1.070743615},
{"learn":[0.1414128515],"iteration":739,"passed_time":3.035546476,"remaining_time":1.066543356},
{"learn":[0.1412669946],"iteration":740,"passed_time":3.039492397,"remaining_time":1.062386681},
{"learn":[0.1411243476],"iteration":741,"passed_time":3.043049951,"remaining_time":1.058095536},
{"learn":[0.1409802098],"iteration":742,"passed_time":3.047125954,"remaining_time":1.053985693},
{"learn":[0.1408498196],"iteration":743,"passed_time":3.050812714,"remaining_time":1.049742009},
{"learn":[0.1407184897],"iteration":744,"passed_time":3.054469224,"remaining_time":1.045489466},
{"learn":[0.1405778027],"iteration":745,"passed_time":3.058359272,"remaining_time":1.041318036},
{"learn":[0.1404414113],"iteration":746,"passed_time":3.062123279,"remaining_time":1.037104672},
{"learn":[0.1403211832],"iteration":747,"passed_time":3.065744791,"remaining_time":1.032844502},
{"learn":[0.1401987302],"iteration":748,"passed_time":3.069345761,"remaining_time":1.028579154},
{"learn":[0.1400811946],"iteration":749,"passed_time":3.073215309,"remaining_time":1.024405103},
{"learn":[0.139942854],"iteration":750,"passed_time":3.076896986,"remaining_time":1.020169573},
{"learn":[0.13980643],"iteration":751,"passed_time":3.080638495,"remaining_time":1.015955248},
{"learn":[0.1396789442],"iteration":752,"passed_time":3.084243173,"remaining_time":1.011697296},
{"learn":[0.1395389827],"iteration":753,"passed_time":3.08849788,"remaining_time":1.007653155},
{"learn":[0.1394266936],"iteration":754,"passed_time":3.092885418,"remaining_time":1.003651559},
{"learn":[0.1392837771],"iteration":755,"passed_time":3.096737091,"remaining_time":0.9994759922},
{"learn":[0.1391510629],"iteration":756,"passed_time":3.100290645,"remaining_time":0.9952055835},
{"learn":[0.1390303294],"iteration":757,"passed_time":3.103907948,"remaining_time":0.9909574186},
{"learn":[0.1389010542],"iteration":758,"passed_time":3.107947033,"remaining_time":0.9868448418},
{"learn":[0.1387718644],"iteration":759,"passed_time":3.112545275,"remaining_time":0.9829090343},
{"learn":[0.1386357512],"iteration":760,"passed_time":3.11602679,"remaining_time":0.9786207658},
{"learn":[0.1385115454],"iteration":761,"passed_time":3.119829589,"remaining_time":0.9744349635},
{"learn":[0.1383902718],"iteration":762,"passed_time":3.123824301,"remaining_time":0.9703097764},
{"learn":[0.1382711542],"iteration":763,"passed_time":3.127497853,"remaining_time":0.9660857242},
{"learn":[0.1381373119],"iteration":764,"passed_time":3.131325026,"remaining_time":0.9619103022},
{"learn":[0.1380176098],"iteration":765,"passed_time":3.134788748,"remaining_time":0.9576247612},
{"learn":[0.1378939845],"iteration":766,"passed_time":3.139003456,"remaining_time":0.9535694984},
{"learn":[0.1377724044],"iteration":767,"passed_time":3.142839714,"remaining_time":0.9493994968},
{"learn":[0.1376408241],"iteration":768,"passed_time":3.146510265,"remaining_time":0.9451805869},
{"learn":[0.1375221456],"iteration":769,"passed_time":3.150353939,"remaining_time":0.9410148129},
{"learn":[0.1373780803],"iteration":770,"passed_time":3.154454107,"remaining_time":0.9369260577},
{"learn":[0.137242585],"iteration":771,"passed_time":3.158442068,"remaining_time":0.9328041342},
{"learn":[0.1371088351],"iteration":772,"passed_time":3.162586028,"remaining_time":0.9287283678},
{"learn":[0.1369724655],"iteration":773,"passed_time":3.166478117,"remaining_time":0.9245788817},
{"learn":[0.1368443588],"iteration":774,"passed_time":3.170312124,"remaining_time":0.9204131974},
{"learn":[0.1367186156],"iteration":775,"passed_time":3.17401501,"remaining_time":0.9162105182},
{"learn":[0.1365870482],"iteration":776,"passed_time":3.178086095,"remaining_time":0.9121147996},
{"learn":[0.136467312],"iteration":777,"passed_time":3.181713482,"remaining_time":0.907892536},
{"learn":[0.1363410854],"iteration":778,"passed_time":3.185668362,"remaining_time":0.9037647086},
{"learn":[0.1362123712],"iteration":779,"passed_time":3.189594451,"remaining_time":0.899629204},
{"learn":[0.1360849053],"iteration":780,"passed_time":3.193486873,"remaining_time":0.8954847954},
{"learn":[0.1359666057],"iteration":781,"passed_time":3.197071551,"remaining_time":0.8912552407},
{"learn":[0.1358338382],"iteration":782,"passed_time":3.200772061,"remaining_time":0.8870594344},
{"learn":[0.1356956895],"iteration":783,"passed_time":3.204756439,"remaining_time":0.8829431006},
{"learn":[0.1355699811],"iteration":784,"passed_time":3.209076353,"remaining_time":0.8789190011},
{"learn":[0.1354470855],"iteration":785,"passed_time":3.213066065,"remaining_time":0.8748042468},
{"learn":[0.1353135945],"iteration":786,"passed_time":3.2167467,"remaining_time":0.8706061589},
{"learn":[0.1352026458],"iteration":787,"passed_time":3.220603248,"remaining_time":0.8664567114},
{"learn":[0.1350981368],"iteration":788,"passed_time":3.224471837,"remaining_time":0.8623112263},
{"learn":[0.1349820582],"iteration":789,"passed_time":3.22827272,"remaining_time":0.8581484445},
{"learn":[0.1348524193],"iteration":790,"passed_time":3.23193398,"remaining_time":0.8539496862},
{"learn":[0.1347237518],"iteration":791,"passed_time":3.235643323,"remaining_time":0.849764913},
{"learn":[0.1345980539],"iteration":792,"passed_time":3.239745616,"remaining_time":0.8456839123},
{"learn":[0.1344728178],"iteration":793,"passed_time":3.243786827,"remaining_time":0.8415870106},
{"learn":[0.1343520523],"iteration":794,"passed_time":3.247745914,"remaining_time":0.8374690722},
{"learn":[0.134236346],"iteration":795,"passed_time":3.251562213,"remaining_time":0.833314939},
{"learn":[0.1340971919],"iteration":796,"passed_time":3.255359553,"remaining_time":0.8291568247},
{"learn":[0.1339753648],"iteration":797,"passed_time":3.259657301,"remaining_time":0.8251262841},
{"learn":[0.1338449618],"iteration":798,"passed_time":3.263457266,"remaining_time":0.8209698503},
{"learn":[0.133724475],"iteration":799,"passed_time":3.267252024,"remaining_time":0.816813006},
{"learn":[0.1335939494],"iteration":800,"passed_time":3.270873285,"remaining_time":0.8126139621},
{"learn":[0.1334747164],"iteration":801,"passed_time":3.274672584,"remaining_time":0.8084603137},
{"learn":[0.133346921],"iteration":802,"passed_time":3.278714378,"remaining_time":0.8043670393},
{"learn":[0.1332185172],"iteration":803,"passed_time":3.283319953,"remaining_time":0.8004113319},
{"learn":[0.1330958027],"iteration":804,"passed_time":3.287090378,"remaining_time":0.7962517065},
{"learn":[0.1329816417],"iteration":805,"passed_time":3.290970259,"remaining_time":0.7921193923},
{"learn":[0.1328636133],"iteration":806,"passed_time":3.294531271,"remaining_time":0.7879114439},
{"learn":[0.1327354223],"iteration":807,"passed_time":3.298272279,"remaining_time":0.7837478683},
{"learn":[0.1326245242],"iteration":808,"passed_time":3.301813208,"remaining_time":0.7795380999},
{"learn":[0.13251194],"iteration":809,"passed_time":3.305565508,"remaining_time":0.7753795637},
{"learn":[0.1323959958],"iteration":810,"passed_time":3.309270685,"remaining_time":0.7712110473},
{"learn":[0.1322922757],"iteration":811,"passed_time":3.312986194,"remaining_time":0.7670460647},
{"learn":[0.1321960229],"iteration":812,"passed_time":3.316640871,"remaining_time":0.7628681955},
{"learn":[0.1320955088],"iteration":813,"passed_time":3.320136093,"remaining_time":0.758655176},
{"learn":[0.1319664702],"iteration":814,"passed_time":3.324062014,"remaining_time":0.7545416842},
{"learn":[0.1318437421],"iteration":815,"passed_time":3.32794002,"remaining_time":0.7504178476},
{"learn":[0.1317309448],"iteration":816,"passed_time":3.331694028,"remaining_time":0.7462668386},
{"learn":[0.131599798],"iteration":817,"passed_time":3.33568524,"remaining_time":0.7421695767},
{"learn":[0.1314720865],"iteration":818,"passed_time":3.339851657,"remaining_time":0.7381112942},
{"learn":[0.1313517697],"iteration":819,"passed_time":3.34364429,"remaining_time":0.7339706977},
{"learn":[0.1312251542],"iteration":820,"passed_time":3.34748013,"remaining_time":0.7298403694},
{"learn":[0.1311094176],"iteration":821,"passed_time":3.35125193,"remaining_time":0.7256968899},
{"learn":[0.1309860049],"iteration":822,"passed_time":3.355139185,"remaining_time":0.7215791443},
{"learn":[0.1308667277],"iteration":823,"passed_time":3.359781259,"remaining_time":0.7176231814},
{"learn":[0.1307655871],"iteration":824,"passed_time":3.363153608,"remaining_time":0.7133962199},
{"learn":[0.1306438098],"iteration":825,"passed_time":3.366876868,"remaining_time":0.7092452482},
{"learn":[0.1305202368],"iteration":826,"passed_time":3.370827456,"remaining_time":0.7051428657},
{"learn":[0.1304129799],"iteration":827,"passed_time":3.374492592,"remaining_time":0.7009815529},
{"learn":[0.1302876891],"iteration":828,"passed_time":3.3782406,"remaining_time":0.6968385315},
{"learn":[0.1301770244],"iteration":829,"passed_time":3.381701906,"remaining_time":0.6926377398},
{"learn":[0.1300657856],"iteration":830,"passed_time":3.385539538,"remaining_time":0.6885152609},
{"learn":[0.1299414074],"iteration":831,"passed_time":3.389629706,"remaining_time":0.6844444598},
{"learn":[0.1298331878],"iteration":832,"passed_time":3.393312048,"remaining_time":0.6802918512},
{"learn":[0.1297044501],"iteration":833,"passed_time":3.397538214,"remaining_time":0.6762486134},
{"learn":[0.1295907974],"iteration":834,"passed_time":3.401399554,"remaining_time":0.672132846},
{"learn":[0.1294731634],"iteration":835,"passed_time":3.405368059,"remaining_time":0.6680387101},
{"learn":[0.1293598935],"iteration":836,"passed_time":3.409373979,"remaining_time":0.6639521608},
{"learn":[0.129233257],"iteration":837,"passed_time":3.413175903,"remaining_time":0.6598263679},
{"learn":[0.1291368384],"iteration":838,"passed_time":3.416810331,"remaining_time":0.6556692053},
{"learn":[0.1290259992],"iteration":839,"passed_time":3.420469882,"remaining_time":0.6515180729},
{"learn":[0.1289205001],"iteration":840,"passed_time":3.424994,"remaining_time":0.6475315648},
{"learn":[0.1288057107],"iteration":841,"passed_time":3.428734551,"remaining_time":0.6433967446},
{"learn":[0.128691592],"iteration":842,"passed_time":3.432461185,"remaining_time":0.6392602682},
{"learn":[0.1285749774],"iteration":843,"passed_time":3.436796849,"remaining_time":0.6352373322},
{"learn":[0.128466217],"iteration":844,"passed_time":3.440893392,"remaining_time":0.6311697938},
{"learn":[0.1283489772],"iteration":845,"passed_time":3.444752565,"remaining_time":0.6270589775},
{"learn":[0.1282356883],"iteration":846,"passed_time":3.448724111,"remaining_time":0.6229690542},
{"learn":[0.1281403309],"iteration":847,"passed_time":3.452433787,"remaining_time":0.6188324712},
{"learn":[0.1280232426],"iteration":848,"passed_time":3.45628596,"remaining_time":0.6147222378},
{"learn":[0.1279169126],"iteration":849,"passed_time":3.460583916,"remaining_time":0.6106912793},
{"learn":[0.1278051736],"iteration":850,"passed_time":3.464541795,"remaining_time":0.6066001498},
{"learn":[0.1276966534],"iteration":851,"passed_time":3.468344927,"remaining_time":0.6024824521},
{"learn":[0.1275884011],"iteration":852,"passed_time":3.472179392,"remaining_time":0.5983708916},
{"learn":[0.1274814534],"iteration":853,"passed_time":3.476206145,"remaining_time":0.5942928539},
{"learn":[0.1273754527],"iteration":854,"passed_time":3.479880822,"remaining_time":0.5901552271},
{"learn":[0.1272617513],"iteration":855,"passed_time":3.483701704,"remaining_time":0.5860432773},
{"learn":[0.1271518459],"iteration":856,"passed_time":3.487500669,"remaining_time":0.5819283496},
{"learn":[0.1270400953],"iteration":857,"passed_time":3.491045348,"remaining_time":0.5777720739},
{"learn":[0.1269317122],"iteration":858,"passed_time":3.495046018,"remaining_time":0.5736920705},
{"learn":[0.1268135596],"iteration":859,"passed_time":3.498776236,"remaining_time":0.5695682244},
{"learn":[0.12670445],"iteration":860,"passed_time":3.502456245,"remaining_time":0.5654371871},
{"learn":[0.1265816312],"iteration":861,"passed_time":3.506367126,"remaining_time":0.5613441571},
{"learn":[0.1264765259],"iteration":862,"passed_time":3.509837599,"remaining_time":0.5571816351},
{"learn":[0.1263570738],"iteration":863,"passed_time":3.513662439,"remaining_time":0.553076495},
{"learn":[0.1262359595],"iteration":864,"passed_time":3.517565903,"remaining_time":0.5489842739},
{"learn":[0.1261223597],"iteration":865,"passed_time":3.521317744,"remaining_time":0.5448690274},
{"learn":[0.1260151325],"iteration":866,"passed_time":3.52531583,"remaining_time":0.5407923938},
{"learn":[0.1259208695],"iteration":867,"passed_time":3.528828802,"remaining_time":0.5366421681},
{"learn":[0.1258079008],"iteration":868,"passed_time":3.532550436,"remaining_time":0.5325248643},
{"learn":[0.1256957173],"iteration":869,"passed_time":3.536192946,"remaining_time":0.5283966471},
{"learn":[0.1255970424],"iteration":870,"passed_time":3.539864956,"remaining_time":0.5242739143},
{"learn":[0.1254900006],"iteration":871,"passed_time":3.543374553,"remaining_time":0.5201283747},
{"learn":[0.1253834164],"iteration":872,"passed_time":3.547119311,"remaining_time":0.5160185023},
{"learn":[0.1252792428],"iteration":873,"passed_time":3.550556077,"remaining_time":0.5118650637},
{"learn":[0.1251546653],"iteration":874,"passed_time":3.55429821,"remaining_time":0.5077568871},
{"learn":[0.1250465445],"iteration":875,"passed_time":3.558154133,"remaining_time":0.5036656535},
{"learn":[0.1249379411],"iteration":876,"passed_time":3.561688521,"remaining_time":0.499529861},
{"learn":[0.1248221202],"iteration":877,"passed_time":3.565427113,"remaining_time":0.4954238129},
{"learn":[0.1247113499],"iteration":878,"passed_time":3.569105873,"remaining_time":0.4913103648},
{"learn":[0.1246126125],"iteration":879,"passed_time":3.572948672,"remaining_time":0.4872202734},
{"learn":[0.1245094072],"iteration":880,"passed_time":3.576604891,"remaining_time":0.4831055414},
{"learn":[0.1243930094],"iteration":881,"passed_time":3.580140403,"remaining_time":0.4789757002},
{"learn":[0.1242851282],"iteration":882,"passed_time":3.583977702,"remaining_time":0.4748871926},
{"learn":[0.1241644678],"iteration":883,"passed_time":3.587552546,"remaining_time":0.4707648138},
{"learn":[0.1240383031],"iteration":884,"passed_time":3.59247224,"remaining_time":0.4668184267},
{"learn":[0.1239190941],"iteration":885,"passed_time":3.597277102,"remaining_time":0.4628550673},
{"learn":[0.1238051437],"iteration":886,"passed_time":3.60123219,"remaining_time":0.458781553},
{"learn":[0.1237046816],"iteration":887,"passed_time":3.605201069,"remaining_time":0.4547100448},
{"learn":[0.1236038136],"iteration":888,"passed_time":3.6090582,"remaining_time":0.4506248146},
{"learn":[0.1234982347],"iteration":889,"passed_time":3.613003121,"remaining_time":0.4465509476},
{"learn":[0.1233922118],"iteration":890,"passed_time":3.616832253,"remaining_time":0.4424632049},
{"learn":[0.1232855515],"iteration":891,"passed_time":3.621757697,"remaining_time":0.4385087794},
{"learn":[0.1231742289],"iteration":892,"passed_time":3.62536225,"remaining_time":0.434393909},
{"learn":[0.1230750592],"iteration":893,"passed_time":3.629243672,"remaining_time":0.4303130081},
{"learn":[0.1229642034],"iteration":894,"passed_time":3.633019806,"remaining_time":0.4262202007},
{"learn":[0.1228635565],"iteration":895,"passed_time":3.63725593,"remaining_time":0.4221814919},
{"learn":[0.1227554059],"iteration":896,"passed_time":3.641050646,"remaining_time":0.4180916572},
{"learn":[0.1226475252],"iteration":897,"passed_time":3.644691573,"remaining_time":0.4139850116},
{"learn":[0.122544141],"iteration":898,"passed_time":3.648470623,"remaining_time":0.4098949198},
{"learn":[0.1224452978],"iteration":899,"passed_time":3.653295026,"remaining_time":0.4059216696},
{"learn":[0.1223382993],"iteration":900,"passed_time":3.657557775,"remaining_time":0.4018848166},
{"learn":[0.1222438373],"iteration":901,"passed_time":3.661288867,"remaining_time":0.3977896995},
{"learn":[0.1221379393],"iteration":902,"passed_time":3.665002668,"remaining_time":0.3936935313},
{"learn":[0.1220235276],"iteration":903,"passed_time":3.668889965,"remaining_time":0.3896166335},
{"learn":[0.1219087986],"iteration":904,"passed_time":3.672723472,"remaining_time":0.3855345081},
{"learn":[0.1218012124],"iteration":905,"passed_time":3.676426648,"remaining_time":0.3814394094},
{"learn":[0.1216845364],"iteration":906,"passed_time":3.680360986,"remaining_time":0.3773688773},
{"learn":[0.1215812721],"iteration":907,"passed_time":3.684110244,"remaining_time":0.3732798926},
{"learn":[0.1214667326],"iteration":908,"passed_time":3.687973792,"remaining_time":0.3692030969},
{"learn":[0.1213625704],"iteration":909,"passed_time":3.691730842,"remaining_time":0.3651162372},
{"learn":[0.1212600606],"iteration":910,"passed_time":3.695354104,"remaining_time":0.361017031},
{"learn":[0.1211652766],"iteration":911,"passed_time":3.699030364,"remaining_time":0.3569239825},
{"learn":[0.1210491259],"iteration":912,"passed_time":3.702879078,"remaining_time":0.3528482802},
{"learn":[0.120954724],"iteration":913,"passed_time":3.707343323,"remaining_time":0.348830991},
{"learn":[0.1208450182],"iteration":914,"passed_time":3.711921522,"remaining_time":0.3448233108},
{"learn":[0.1207499606],"iteration":915,"passed_time":3.715912484,"remaining_time":0.3407605335},
{"learn":[0.1206469435],"iteration":916,"passed_time":3.720702846,"remaining_time":0.3367702685},
{"learn":[0.1205326846],"iteration":917,"passed_time":3.724441688,"remaining_time":0.3326843338},
{"learn":[0.1204284916],"iteration":918,"passed_time":3.728045991,"remaining_time":0.3285872962},
{"learn":[0.1203378598],"iteration":919,"passed_time":3.731621544,"remaining_time":0.3244888299},
{"learn":[0.1202204259],"iteration":920,"passed_time":3.736354367,"remaining_time":0.3204907655},
{"learn":[0.1201185713],"iteration":921,"passed_time":3.740099875,"remaining_time":0.3164075816},
{"learn":[0.1200136845],"iteration":922,"passed_time":3.743692469,"remaining_time":0.3123123729},
{"learn":[0.1199093907],"iteration":923,"passed_time":3.747345939,"remaining_time":0.308223259},
{"learn":[0.1198099004],"iteration":924,"passed_time":3.750923325,"remaining_time":0.3041289183},
{"learn":[0.1197080357],"iteration":925,"passed_time":3.754608127,"remaining_time":0.3000442779},
{"learn":[0.1195878667],"iteration":926,"passed_time":3.758301719,"remaining_time":0.2959611925},
{"learn":[0.1194854116],"iteration":927,"passed_time":3.762211308,"remaining_time":0.2918957049},
{"learn":[0.1193765865],"iteration":928,"passed_time":3.765959191,"remaining_time":0.2878181944},
{"learn":[0.1192881279],"iteration":929,"passed_time":3.76975999,"remaining_time":0.2837453756},
{"learn":[0.1191861088],"iteration":930,"passed_time":3.773569539,"remaining_time":0.2796737897},
{"learn":[0.1190896292],"iteration":931,"passed_time":3.777208967,"remaining_time":0.2755903538},
{"learn":[0.1189972716],"iteration":932,"passed_time":3.780872436,"remaining_time":0.2715095961},
{"learn":[0.1188848202],"iteration":933,"passed_time":3.784551778,"remaining_time":0.2674308537},
{"learn":[0.1187917712],"iteration":934,"passed_time":3.788408826,"remaining_time":0.2633653195},
{"learn":[0.1186953389],"iteration":935,"passed_time":3.792185876,"remaining_time":0.2592947607},
{"learn":[0.1186078963],"iteration":936,"passed_time":3.795908593,"remaining_time":0.2552211754},
{"learn":[0.1184989966],"iteration":937,"passed_time":3.799706934,"remaining_time":0.2511533368},
{"learn":[0.11842224],"iteration":938,"passed_time":3.803332694,"remaining_time":0.2470748609},
{"learn":[0.1183163201],"iteration":939,"passed_time":3.807662358,"remaining_time":0.2430422782},
{"learn":[0.11820819],"iteration":940,"passed_time":3.81120787,"remaining_time":0.2389598983},
{"learn":[0.1181087892],"iteration":941,"passed_time":3.814779924,"remaining_time":0.2348802926},
{"learn":[0.1180054494],"iteration":942,"passed_time":3.819190794,"remaining_time":0.2308524658},
{"learn":[0.1178957416],"iteration":943,"passed_time":3.822887803,"remaining_time":0.2267814798},
{"learn":[0.1177800563],"iteration":944,"passed_time":3.82654198,"remaining_time":0.2227087925},
{"learn":[0.1176806877],"iteration":945,"passed_time":3.830459777,"remaining_time":0.218652038},
{"learn":[0.1175783762],"iteration":946,"passed_time":3.835265181,"remaining_time":0.214645253},
{"learn":[0.1174928677],"iteration":947,"passed_time":3.839425932,"remaining_time":0.2106014224},
{"learn":[0.117374352],"iteration":948,"passed_time":3.843083525,"remaining_time":0.2065303054},
{"learn":[0.1172850602],"iteration":949,"passed_time":3.846802576,"remaining_time":0.2024632935},
{"learn":[0.1171786743],"iteration":950,"passed_time":3.850518585,"remaining_time":0.1983968566},
{"learn":[0.1170687572],"iteration":951,"passed_time":3.854432382,"remaining_time":0.1943411285},
{"learn":[0.1169895541],"iteration":952,"passed_time":3.858172432,"remaining_time":0.1902771294},
{"learn":[0.1168804847],"iteration":953,"passed_time":3.861930107,"remaining_time":0.1862146592},
{"learn":[0.1167898248],"iteration":954,"passed_time":3.86611694,"remaining_time":0.1821730496},
{"learn":[0.1166830396],"iteration":955,"passed_time":3.870228567,"remaining_time":0.1781276747},
{"learn":[0.1165787547],"iteration":956,"passed_time":3.873809954,"remaining_time":0.1740583365},
{"learn":[0.1164860006],"iteration":957,"passed_time":3.877329967,"remaining_time":0.1699873263},
{"learn":[0.1163926383],"iteration":958,"passed_time":3.881081808,"remaining_time":0.1659273766},
{"learn":[0.1162961817],"iteration":959,"passed_time":3.8847979,"remaining_time":0.1618665792},
{"learn":[0.1162118202],"iteration":960,"passed_time":3.888625865,"remaining_time":0.1578110393},
{"learn":[0.1161084488],"iteration":961,"passed_time":3.89209213,"remaining_time":0.153741685},
{"learn":[0.1160131683],"iteration":962,"passed_time":3.895930304,"remaining_time":0.1496878725},
{"learn":[0.1159119241],"iteration":963,"passed_time":3.899441358,"remaining_time":0.1456222914},
{"learn":[0.1158211731],"iteration":964,"passed_time":3.90326849,"remaining_time":0.1415693235},
{"learn":[0.1157233208],"iteration":965,"passed_time":3.906934667,"remaining_time":0.137511158},
{"learn":[0.115632981],"iteration":966,"passed_time":3.910816964,"remaining_time":0.1334611787},
{"learn":[0.1155376224],"iteration":967,"passed_time":3.91439881,"remaining_time":0.1294016136},
{"learn":[0.1154381761],"iteration":968,"passed_time":3.918236233,"remaining_time":0.1253512108},
{"learn":[0.115340035],"iteration":969,"passed_time":3.92214828,"remaining_time":0.1213035551},
{"learn":[0.1152362418],"iteration":970,"passed_time":3.925815957,"remaining_time":0.1172488803},
{"learn":[0.1151308917],"iteration":971,"passed_time":3.929485509,"remaining_time":0.1131950558},
{"learn":[0.115032737],"iteration":972,"passed_time":3.933332598,"remaining_time":0.1091469477},
{"learn":[0.114939489],"iteration":973,"passed_time":3.93725752,"remaining_time":0.1051013301},
{"learn":[0.1148508111],"iteration":974,"passed_time":3.940946696,"remaining_time":0.1010499153},
{"learn":[0.1147423429],"iteration":975,"passed_time":3.945403024,"remaining_time":0.09701810715},
{"learn":[0.1146376836],"iteration":976,"passed_time":3.949069034,"remaining_time":0.09296682475},
{"learn":[0.1145535744],"iteration":977,"passed_time":3.953719191,"remaining_time":0.08893846852},
{"learn":[0.1144630923],"iteration":978,"passed_time":3.957299204,"remaining_time":0.08488588691},
{"learn":[0.1143745545],"iteration":979,"passed_time":3.960895882,"remaining_time":0.08083460984},
{"learn":[0.1142910872],"iteration":980,"passed_time":3.965086091,"remaining_time":0.07679575507},
{"learn":[0.1141887815],"iteration":981,"passed_time":3.969121177,"remaining_time":0.07275374866},
{"learn":[0.1141038133],"iteration":982,"passed_time":3.972772438,"remaining_time":0.06870511846},
{"learn":[0.1140091941],"iteration":983,"passed_time":3.976394033,"remaining_time":0.06465681354},
{"learn":[0.1139127123],"iteration":984,"passed_time":3.980280246,"remaining_time":0.06061340477},
{"learn":[0.1138256622],"iteration":985,"passed_time":3.9838518,"remaining_time":0.05656584706},
{"learn":[0.1137550427],"iteration":986,"passed_time":3.987594891,"remaining_time":0.05252151326},
{"learn":[0.1136667656],"iteration":987,"passed_time":3.991286151,"remaining_time":0.04847715972},
{"learn":[0.1135721675],"iteration":988,"passed_time":3.995416318,"remaining_time":0.04443840192},
{"learn":[0.1134636615],"iteration":989,"passed_time":4.000007352,"remaining_time":0.04040411466},
{"learn":[0.1133721257],"iteration":990,"passed_time":4.003694194,"remaining_time":0.03636049218},
{"learn":[0.113265726],"iteration":991,"passed_time":4.007360246,"remaining_time":0.03231742134},
{"learn":[0.113157778],"iteration":992,"passed_time":4.011205669,"remaining_time":0.0282763743},
{"learn":[0.1130728973],"iteration":993,"passed_time":4.014962136,"remaining_time":0.02423518392},
{"learn":[0.1129739474],"iteration":994,"passed_time":4.018594647,"remaining_time":0.02019394295},
{"learn":[0.1128922797],"iteration":995,"passed_time":4.022050745,"remaining_time":0.01615281424},
{"learn":[0.1128113999],"iteration":996,"passed_time":4.025755129,"remaining_time":0.01211360621},
{"learn":[0.1127281525],"iteration":997,"passed_time":4.029414098,"remaining_time":0.008074978152},
{"learn":[0.1126201709],"iteration":998,"passed_time":4.033247688,"remaining_time":0.004037284973},
{"learn":[0.1125264767],"iteration":999,"passed_time":4.036998613,"remaining_time":0}
]}